UrbanId,Longitude,Latitude,Area,Country
3,113.5752842,22.92179823,6539.913411,China
5,120.8657115,31.42568351,6873.482734,China
9,116.3324779,39.88689137,3790.83892,China
12,118.544297,24.87218712,3354.615144,China
19,114.3293387,36.59992862,2738.613604,China
21,120.787256,30.12402172,3354.489044,China
23,112.2913674,37.49885306,2308.405507,China
26,117.3017268,39.06107339,2318.677926,China
28,116.4893296,23.44754012,2181.172622,China
50,114.4424148,38.08118201,1467.890858,China
62,120.2793741,36.2197077,1201.426356,China
63,118.3495437,39.75626551,1232.866168,China
64,29.00917961,40.98972451,1151.872602,Türkiye
75,123.5453166,41.80592619,1036.12474,China
82,118.0138707,36.73474321,1006.195756,China
83,118.2991136,35.02447494,957.5915242,China
86,118.812537,32.07689689,990.9605789,China
94,119.4201488,25.8620774,920.3211174,China
95,108.9046764,34.28502437,863.8980891,China
97,111.5487851,36.17037133,829.1531908,China
104,115.4368692,38.86768773,746.012837,China
106,114.2919035,30.57651485,811.2292092,China
107,104.0392279,30.66401369,927.8176662,China
117,120.7129859,27.88624356,763.5317204,China
119,117.2851249,34.90602566,696.0097129,China
129,123.0722969,41.18051411,645.1846023,China
130,117.2225572,34.28657204,652.1828152,China
144,113.5681307,34.75491982,632.6937934,China
145,106.5197292,29.56593509,649.3035251,China
154,121.5681853,38.98007157,585.1936066,China
163,117.2693978,31.84811575,574.3295226,China
166,102.7061419,24.99797237,552.9530715,China
176,113.0276915,35.21217563,541.9448552,China
179,32.79137638,39.94806555,462.9086226,Türkiye
193,87.56526708,43.85521627,424.3316262,China
195,126.661091,45.73009173,476.0834762,China
197,110.180828,22.64056711,434.3748154,China
205,117.0159924,36.67022293,425.3949502,China
206,113.8827118,35.3798512,445.6121866,China
210,125.3127225,43.87962495,459.5412361,China
211,112.9895636,28.19182878,456.7787382,China
222,121.4633766,28.52776067,488.1212048,China
224,119.4846885,32.31129788,463.4624837,China
232,109.8663942,40.6280953,381.0353969,China
236,113.2367056,40.04545166,368.1569453,China
239,115.8967572,28.65770019,420.2268036,China
246,116.9286155,32.65274238,357.64272,China
247,125.0004683,46.5961793,352.8483846,China
257,122.3668107,40.65799836,336.8406768,China
261,27.14465425,38.42744697,328.1447294,Türkiye
283,112.4460173,34.65724009,329.4519793,China
286,118.4554575,31.53291177,368.2413792,China
303,110.9440092,35.0539397,282.5451691,China
304,119.3214464,35.13664803,334.8694836,China
305,126.5297431,43.90041575,288.5653065,China
318,119.0768362,33.5817936,285.6663772,China
337,121.364604,37.50074381,302.9499449,China
340,119.1514951,36.6970766,275.8085826,China
343,103.7526914,36.08410126,256.7896977,China
344,117.6983214,36.17036251,265.5261284,China
349,118.5460671,37.47177377,267.6000357,China
354,122.0276511,41.15824938,254.7242586,China
364,119.6044443,39.93547437,271.8609398,China
389,110.6457473,35.60890595,243.6455956,China
400,101.7239407,36.64018618,225.0143647,China
419,113.5903357,37.86192737,218.7428563,China
427,113.0893431,36.26693763,218.1134533,China
429,117.3237793,32.94088681,222.9095294,China
440,108.2974182,22.82093181,229.735168,China
449,113.291231,33.74647886,205.5497874,China
458,120.1450694,29.2782919,240.4752948,China
459,111.3495482,35.63632847,206.2243386,China
466,112.8670096,35.55038634,203.9997832,China
471,112.9078687,34.71977878,217.3466238,China
473,111.663854,40.81498246,206.2563859,China
476,119.2545789,34.64395676,227.0717349,China
483,29.04633692,40.21864534,197.2372421,Türkiye
486,120.4212068,37.64254361,209.8522555,China
495,112.1538332,32.05284981,199.6230185,China
503,35.47548777,38.72200867,191.4021059,Türkiye
505,120.8955272,32.00400559,321.2684121,China
506,114.9815549,30.17676906,197.966001,China
525,109.3951667,24.32207322,193.2236911,China
531,117.687292,35.88982243,181.2320677,China
535,106.692561,26.58663297,198.1316723,China
559,107.217614,34.35999177,173.6222386,China
564,116.589894,35.41351334,192.7978926,China
572,116.808089,33.95080696,182.9956198,China
590,113.4989157,22.26605056,171.9874008,China
601,29.90171337,40.74890004,160.5425639,Türkiye
605,35.31860492,37.00409601,159.8268305,Türkiye
607,110.9375307,21.61927092,162.4052928,China
614,112.5343875,33.00835499,161.208955,China
617,117.7074286,23.98754516,155.7571176,China
628,32.49694591,37.88208355,151.2138609,Türkiye
640,114.870124,40.75993222,148.4688946,China
643,30.70298453,36.89927834,151.8002577,Türkiye
645,110.2853164,25.28679337,161.5449806,China
668,113.8387735,36.10702952,147.7860644,China
679,114.3570886,34.78516377,145.6048449,China
683,36.20297957,36.74663513,136.6140062,Türkiye
692,111.1724972,35.18331348,132.6310791,China
696,117.1109092,36.16824777,144.5551475,China
701,115.4805363,35.24815281,140.5927207,China
708,123.7411595,41.28849205,137.9336771,China
713,119.8998251,32.44942037,185.7390797,China
733,129.6224795,44.59733191,128.0569232,China
744,130.9402921,45.79126779,126.331149,China
749,115.6451943,39.06214361,126.1131534,China
753,118.2731817,33.93441939,145.6379164,China
760,123.9595373,47.32506152,128.1108981,China
763,112.2421123,30.32241092,132.1565089,China
778,121.6842173,42.01908794,126.1761077,China
785,112.9250689,27.85476055,131.5056754,China
786,114.0329659,33.57891486,123.7088645,China
793,118.7490567,36.8786786,133.2849063,China
799,117.7960609,39.29550011,126.366122,China
807,34.668543,36.81622237,121.0213168,Türkiye
812,130.3479149,46.81113421,115.1913716,China
840,115.840199,39.29929922,115.3881679,China
849,121.1190955,41.1162988,110.7613829,China
855,116.3048319,37.45588752,119.3394285,China
861,110.3129205,20.01892255,132.7310273,China
866,102.5338655,24.36896398,116.6708835,China
867,114.9957694,38.50146039,108.2630226,China
880,113.5817097,24.77065346,114.7514901,China
884,115.0998555,38.0946146,115.2859544,China
894,106.2104586,38.48616659,126.4515535,China
897,116.9176895,35.38828518,113.0511159,China
903,110.3694115,21.23955403,108.9456614,China
905,115.0715072,40.59135219,105.754055,China
907,113.1294613,27.85674268,115.9685876,China
911,115.9842787,36.45827917,117.7765286,China
912,114.8828384,30.40996615,121.6830479,China
913,115.9981329,29.71742942,115.8212235,China
921,116.7195687,39.53570463,110.0288003,China
936,130.2792523,47.31152132,100.7022181,China
950,114.9057953,25.81046845,125.7545817,China
953,118.0067771,37.40090537,116.3550278,China
968,124.3841773,40.11261615,100.5855715,China
980,115.0289697,35.75200834,108.0159803,China
986,115.6754109,37.72554557,101.2446876,China
998,119.643402,29.10033846,108.2714499,China
1004,115.8225142,32.90097885,104.8388603,China
1008,110.7922128,32.62122933,98.6576964,China
1009,120.1260948,33.38092674,133.6721963,China
1014,115.6411057,34.42335494,99.84981929,China
1015,120.8717142,40.73565673,94.45514495,China
1022,111.454225,27.25157814,97.16261899,China
1025,112.9022521,33.84800093,92.67508473,China
1038,113.8241285,34.03353398,100.6573387,China
1041,99.19785115,25.12706781,94.6451674,China
1042,116.1002701,38.70398075,91.53334045,China
1047,104.7266759,31.46677231,109.3945353,China
1059,113.7228557,36.6088276,88.2493565,China
1071,106.0998105,30.80908356,101.3053204,China
1098,120.6427054,30.90779222,108.556971,China
1102,116.8626215,38.31016873,91.01765018,China
1105,109.9546268,22.21069454,84.83856277,China
1109,117.0563672,30.53750238,100.472045,China
1111,36.33729755,41.2816234,86.25538288,Türkiye
1116,122.0967092,37.47766604,96.13067709,China
1119,114.0855877,32.12259003,86.83814581,China
1138,30.39754449,40.75211837,82.70878475,Türkiye
1139,120.7020538,36.967194,84.07035529,China
1147,120.7512758,30.7608357,144.4776269,China
1150,108.9829498,32.70707074,98.92280592,China
1151,111.693882,35.72823493,87.48579797,China
1152,122.7233078,40.85269014,83.56094057,China
1153,29.13343181,36.67389814,81.28746851,Türkiye
1155,117.5263058,36.70865598,94.33576158,China
1156,114.9357586,27.81462513,88.33611389,China
1158,116.5257457,31.75454778,87.91043259,China
1165,118.4822438,37.02751649,110.3989326,China
1167,37.38612636,37.06178373,86.02395802,Türkiye
1173,116.8189041,35.54111575,82.44737166,China
1174,109.1305861,21.46124012,80.09398198,China
1187,113.3796852,34.51189616,79.93584573,China
1195,111.9779522,21.87556114,84.63803425,China
1198,113.8879512,33.8397399,77.71159438,China
1203,111.2010205,34.78329732,76.85881007,China
1210,117.8138503,30.93670108,89.76335321,China
1211,114.638968,33.60564867,81.13714514,China
1214,131.1504075,46.65100303,76.82240077,China
1222,118.8892207,28.93717241,95.6787078,China
1232,113.1399049,29.38550242,79.57908626,China
1233,29.08627952,37.7771233,76.39131502,Türkiye
1239,103.0768116,25.30946439,77.46507353,China
1240,120.1212339,30.87207332,114.1244112,China
1294,124.8246347,45.13856112,78.91647921,China
1297,105.9681008,31.63452614,74.50837974,China
1303,112.206045,31.01636834,76.82964138,China
1308,118.3294949,32.30280843,81.23260287,China
1314,103.3582294,23.39231748,75.86904194,China
1333,32.64405014,41.20918405,74.38809533,Türkiye
1345,30.52701539,39.77329566,69.36258295,Türkiye
1352,112.6025809,26.89518771,83.32301128,China
1356,109.6089444,23.09296245,77.2172252,China
1357,115.7642243,33.85981127,71.99216091,China
1363,114.1699712,35.91505318,69.5495844,China
1367,129.4803117,42.89961608,69.93938647,China
1377,111.263964,35.3987001,71.040026,China
1387,111.69114,29.01971218,73.48355827,China
1390,124.3708212,43.16548929,71.21003032,China
1392,115.7461056,28.22547596,78.56777715,China
1397,117.9603429,40.18189143,83.7325469,China
1405,120.4344651,41.56985488,73.65808016,China
1412,120.8034602,37.8001757,69.91996727,China
1415,117.2025075,28.30455673,68.31619435,China
1416,118.9413279,42.27541041,72.54378996,China
1418,116.1055604,24.29975162,70.27608814,China
1426,118.3406932,34.3651579,74.40613605,China
1432,122.1405491,40.25323328,83.31766252,China
1433,105.579251,30.51278974,69.83271831,China
1440,120.9298251,30.86441807,99.39977682,China
1448,119.9191188,37.19162398,69.113304,China
1450,122.3259759,40.42049167,68.71727539,China
1456,112.722506,38.42952334,68.65399872,China
1457,112.7349979,32.10819197,63.59493437,China
1459,112.4656133,23.06385684,65.80524689,China
1462,125.1361545,42.91441855,64.5685048,China
1465,130.9749074,45.31835115,63.54144364,China
1472,117.2058413,29.29910957,69.92317833,China
1473,110.9744328,35.62907625,64.90907572,China
1497,104.7326847,31.75073762,70.77420704,China
1506,119.3977876,36.00332613,68.08125545,China
1513,38.2697257,38.34894895,61.31942806,Türkiye
1514,117.0183953,25.08919036,70.22960247,China
1521,116.977096,33.63495323,67.17549749,China
1524,114.3900924,27.81125249,72.41034673,China
1527,104.7606368,29.35581518,69.88790434,China
1529,114.0263771,32.97718482,68.75145229,China
1532,40.20902677,37.92092905,65.739668,Türkiye
1539,109.8730147,22.71798515,61.22940397,China
1576,31.17055016,40.845469,59.18207677,Türkiye
1578,118.3580642,31.68256406,62.05765785,China
1584,111.3138425,30.71885654,68.21537055,China
1586,108.3914468,30.7933357,64.84530189,China
1593,115.4297296,38.25876644,60.38292585,China
1598,109.9821854,27.55622544,69.16150125,China
1600,113.3800924,31.7182315,64.59028013,China
1609,109.4790535,34.50020547,60.13666309,China
1613,125.9753581,41.74879823,59.02281431,China
1624,119.7688133,36.38318488,63.9557332,China
1627,113.0394289,23.67802777,73.74807948,China
1628,112.3525102,28.58333579,63.2465162,China
1635,41.12548719,37.91031954,59.30975005,Türkiye
1638,116.3438215,27.96961359,61.71104284,China
1651,119.7895428,25.52563043,74.61923166,China
1657,111.9899658,27.74572321,61.45726036,China
1666,104.1789495,36.55087662,56.57636574,China
1688,118.4858214,36.70489797,62.3183826,China
1693,27.81742996,37.8422346,54.95444212,Türkiye
1696,117.1662976,23.7251217,57.25027598,China
1718,117.4527055,23.71552198,54.50956774,China
1721,108.6082121,34.1043882,58.28344189,China
1730,112.4988519,35.48382253,54.88668352,China
1739,104.3848631,31.12220555,76.01123589,China
1741,119.8353191,31.26273066,56.09865995,China
1749,30.28749159,36.34020777,53.61414068,Türkiye
1762,104.2678127,30.93865977,73.21676591,China
1772,119.8148028,31.3706042,68.11982545,China
1813,113.9232025,30.92785951,55.55841833,China
1814,111.5343318,24.43169454,58.50167655,China
1821,113.541078,22.79737448,61.19155483,China
1824,39.70320851,40.99488593,51.58802195,Türkiye
1831,117.9683909,34.32523371,62.3870686,China
1832,120.0706988,28.92046813,65.29703734,China
1837,114.9140233,38.71710731,51.29015817,China
1840,102.5968024,29.31360537,56.45375367,China
1866,35.83034851,40.67473141,50.20394487,Türkiye
1876,103.7362449,29.5858855,59.29005019,China
1890,120.5693288,30.64421879,67.15802065,China
1894,114.7120316,38.34891759,52.22296459,China
1899,115.4737896,38.60017329,50.70074187,China
1916,106.9191291,27.6876327,50.48143108,China
1917,118.6971694,33.70367872,60.33723662,China
1922,102.736279,24.14140048,55.89739713,China
1930,117.9484256,28.44974205,58.80128073,China
1935,118.869869,36.73762118,65.04232167,China
1937,109.7697188,34.51617869,48.45441597,China
1943,109.4857935,18.27803959,57.70365997,China
1969,117.1343135,28.95522731,50.26997484,China
1971,119.7549483,49.22946592,48.09618424,China
1976,115.5123708,39.33468513,50.51966552,China
1982,114.6967938,23.75347487,70.17938193,China
1992,117.8606652,31.61536692,53.70007756,China
1993,101.7216417,26.57739325,49.44140058,China
1994,109.2333218,34.39659313,48.16823749,China
2003,114.0030011,33.38711765,47.65618243,China
2005,105.4389671,28.88736804,65.69548183,China
2006,38.80624125,37.16630113,50.31164317,Türkiye
2013,121.310107,30.73115316,70.77258936,China
2015,102.1987206,38.50887887,46.39378665,China
2018,115.5604048,37.56973249,47.6638696,China
2024,114.5265034,35.56123955,49.59634836,China
2025,115.2165323,37.92365404,49.47198683,China
2038,116.8827445,34.86775862,51.42174009,China
2043,118.703166,25.37027095,63.87643645,China
2048,111.2775746,23.47428427,54.60749489,China
2066,110.9395717,34.75911679,45.14109257,China
2073,43.37816271,38.50068614,45.05408019,Türkiye
2097,110.6874884,34.6987456,44.46764673,China
2099,111.0597106,34.70205248,45.17183136,China
2101,110.4501868,34.86541226,45.43631726,China
2106,86.15488066,41.75404782,44.26282594,China
2107,114.9919422,27.11465769,49.21213107,China
2127,34.88723099,36.916799,46.010978,Türkiye
2130,119.7404828,37.06093962,44.5545125,China
2133,122.1965275,29.98721991,51.25627575,China
2139,116.7403982,36.20945982,47.81367818,China
2140,27.3973635,38.62455334,44.30641674,Türkiye
2145,41.2660265,39.91035554,43.51377316,Türkiye
2153,117.3974629,40.03295654,47.38577944,China
2158,116.7132574,39.09250204,58.69159722,China
2162,116.991386,35.59207207,49.22874933,China
2171,114.2999882,29.85847942,48.7190066,China
2172,86.03975126,44.30690659,43.1000695,China
2180,109.0624884,35.05990657,43.57319679,China
2212,130.3628607,42.86337253,43.81570495,China
2215,117.7416548,39.87552284,43.53539551,China
2217,119.5803041,32.00416899,59.66211507,China
2221,120.6005256,37.71814725,44.1714894,China
2224,80.26556651,41.17647631,42.06429975,China
2227,110.3440162,35.33208552,43.0793357,China
2235,32.09659408,41.38993784,42.25194614,Türkiye
2239,112.4315359,39.33062372,43.54149165,China
2251,105.7259066,34.57408414,42.41274555,China
2256,119.0282775,31.66498771,46.73600973,China
2270,29.48696252,40.08472422,41.43161962,Türkiye
2271,117.093705,40.14398348,42.71062185,China
2279,116.8304775,40.3773168,43.54824356,China
2280,120.5180435,36.85264101,49.82593308,China
2291,28.11863922,38.48886818,41.3623673,Türkiye
2293,120.2150637,29.71280544,59.95782786,China
2297,112.707297,38.71769331,41.90263066,China
2301,117.2479766,34.9420999,42.22687426,China
2315,119.9598044,36.77450778,49.19214019,China
2319,111.8085335,36.86786936,42.94742295,China
2322,113.471114,34.15270691,43.68830233,China
2339,102.8295864,36.34339295,40.12267662,China
2347,105.9142514,26.25737434,40.35197766,China
2362,118.1782927,37.18505958,53.03935814,China
2367,106.2483376,29.27539551,47.12301731,China
2374,113.1112588,41.0368189,48.64285357,China
2383,115.6421548,22.95733601,39.82933441,China
2384,110.6608515,34.90491292,39.42984458,China
2401,118.7793062,34.12825981,56.49315337,China
2402,104.6126489,28.78397681,57.86582976,China
2405,112.830064,34.15901739,43.33064005,China
2408,81.30865357,43.92784576,43.68335007,China
2418,119.8425806,32.92685413,51.86499113,China
2421,118.2111244,34.63871434,38.84858509,China
2422,112.1898031,33.04290351,41.72588454,China
2427,30.55576643,37.77185881,38.70789792,Türkiye
2429,103.796322,25.51833591,42.53379626,China
2433,100.2354888,25.60283591,40.95826698,China
2434,110.7590035,35.15265371,39.31289826,China
2439,122.8391806,45.62148615,39.42800922,China
2441,116.3593063,35.40159309,41.29394638,China
2443,113.4418152,30.37067546,44.03237802,China
2455,114.2712761,35.74371429,51.23107599,China
2462,117.3502967,34.56281086,40.65125088,China
2465,107.4789949,31.20096389,45.49385929,China
2470,116.9385115,38.94027982,49.12908376,China
2475,101.535618,25.06012165,38.03343916,China
2476,94.89506476,36.41735063,38.01182837,China
2480,119.0473095,37.9034247,37.96217772,China
2491,104.6353644,30.12099913,50.45083553,China
2495,87.30319969,44.00252916,38.05954016,China
2496,118.8328584,35.57855156,45.04347505,China
2498,119.1086869,39.71030903,41.65503619,China
2515,110.7748997,21.43342473,38.26102802,China
2523,102.6291554,37.93250208,37.60869763,China
2557,125.3175953,46.4102168,37.09578185,China
2577,116.2389032,36.59143295,44.47859993,China
2581,30.96851008,38.13194652,36.49431431,Türkiye
2583,121.1863873,36.73231345,41.99043773,China
2587,112.6878506,22.37445923,37.61901653,China
2595,115.5430437,38.4973786,37.99484667,China
2597,112.0499883,22.94257515,39.04472328,China
2598,123.8417276,42.28706331,36.58245479,China
2600,117.0270715,28.23628719,40.4102993,China
2602,111.6629883,32.37100231,36.59942399,China
2611,120.434937,30.88937311,53.37333077,China
2619,119.2065585,36.43670086,44.9083676,China
2633,105.0598844,29.58212047,43.62957768,China
2636,122.012025,39.62978597,37.40019098,China
2638,124.1222314,50.42237338,36.23207236,China
2640,117.5989661,38.52822533,38.65079684,China
2641,108.6511248,19.09356344,39.63748455,China
2645,117.9322593,35.71152178,38.34796548,China
2649,113.0239013,25.79438663,50.92450957,China
2653,107.6056552,34.31483556,36.51546778,China
2655,31.80915819,41.46053224,36.08497592,Türkiye
2659,105.4485997,30.69514126,35.77370279,China
2660,121.2720624,28.64796345,44.77178676,China
2672,126.4221847,41.93235041,35.82504692,China
2676,119.478113,31.4336829,49.77661453,China
2679,112.9111549,35.0995022,42.84960166,China
2687,119.5807172,31.74930789,51.43440717,China
2694,126.2405742,41.14938467,35.60719241,China
2707,117.7116816,49.45766291,34.71672174,China
2709,121.0406794,30.65062294,67.5157989,China
2714,120.7288402,40.61643279,37.52242972,China
2717,113.0253216,36.51300214,34.51433972,China
2720,108.9783048,34.90876071,36.25997981,China
2741,33.51794018,39.84182893,34.64746245,Türkiye
2745,122.2691546,43.61538064,42.970646,China
2758,119.9998993,32.16764416,50.84404068,China
2770,103.4835771,36.16182188,33.97422802,China
2775,115.3392324,22.97122361,33.91063432,China
2776,114.7045425,22.98033214,39.42879793,China
2781,121.6819324,39.41789418,36.18352384,China
2793,117.9402124,40.96025837,40.90688298,China
2796,29.45105371,39.66593339,36.05704896,Türkiye
2798,106.8072598,39.67737129,33.73655438,China
2799,117.3015404,39.7263909,39.00241601,China
2801,31.42201535,36.78886267,35.0807484,Türkiye
2807,113.0928804,39.82099874,34.65794333,China
2812,27.70232503,38.49883539,33.95958294,Türkiye
2835,36.54451748,40.33112944,33.42007838,Türkiye
2839,36.93698112,37.57406672,36.76776159,Türkiye
2840,123.619944,47.2012444,33.63644479,China
2841,102.2393826,27.89129036,33.71853817,China
2853,36.16353302,36.2210091,33.94893611,Türkiye
2869,118.5184663,32.99927764,41.02665721,China
2880,119.4168283,36.84132157,39.86852555,China
2888,114.71691,38.60927076,33.90821304,China
2898,117.9508939,33.90362543,39.53913349,China
2918,113.2838297,22.2011206,34.09653451,China
2919,118.6832364,39.50774011,37.13346668,China
2930,113.4036115,35.10869785,36.8758012,China
2954,118.6237199,35.78478478,33.78612471,China
2957,111.1272047,37.51516167,34.751045,China
2959,111.7305439,27.27381203,32.38106947,China
2963,119.292488,42.04066858,32.89109306,China
2969,116.5443722,36.21377027,33.60585326,China
2976,112.0825641,32.68617654,34.66792643,China
2979,27.8954778,39.63958535,32.10015484,Türkiye
2980,119.9698523,30.54932408,34.7187925,China
2986,109.7461764,38.28360136,31.69855611,China
2991,125.9906324,46.0766527,34.0357111,China
2994,116.086247,38.4389205,33.65059578,China
2997,119.9231469,30.9946729,54.04947322,China
2998,115.7103143,36.8465601,32.3052335,China
3027,84.89206457,44.42720771,31.33793786,China
3030,114.59401,37.60145137,31.30859867,China
3038,102.7460304,24.30771096,33.18369043,China
3040,121.0338421,40.85694641,34.78718564,China
3047,112.447905,34.41988859,39.30331989,China
3058,27.35741924,38.16884265,31.07229007,Türkiye
3063,109.9465793,34.78371433,31.02542303,China
3066,117.7382288,36.66379843,34.10260505,China
3069,28.78638054,36.81861324,30.94192205,Türkiye
3078,118.9765621,37.1089836,31.51137061,China
3083,116.8310066,37.20065026,33.526897,China
3090,106.3545175,39.01232088,36.39352563,China
3095,104.8576969,26.59312754,33.33976211,China
3098,124.6336999,49.7284107,30.62853047,China
3104,103.2541553,23.72660521,30.58554224,China
3105,109.2159072,23.73237445,36.46569607,China
3108,122.73623,47.9986652,30.82856801,China
3115,113.7378758,34.39661075,34.70834893,China
3121,112.3454248,32.52123246,31.4745527,China
3123,111.5124883,32.54365309,31.46711292,China
3135,126.7527655,42.9753491,30.2072984,China
3168,120.823113,29.59854408,33.55637305,China
3169,91.11290582,29.66979408,29.8067603,China
3172,118.3026964,29.71396074,38.35689203,China
3187,116.5970119,34.69861332,33.17458494,China
3190,117.3566169,38.37443388,38.73145056,China
3197,119.4482604,32.78343725,37.1549067,China
3202,126.9929877,46.64200173,31.32556238,China
3215,36.25377042,37.06986646,29.47105142,Türkiye
3219,115.0898691,35.30357362,31.18278211,China
3220,119.3293579,33.2403478,35.89048469,China
3230,118.202732,33.46819332,37.2300227,China
3232,112.3178937,22.18705226,30.92794818,China
3234,124.8174523,43.51161533,32.44302724,China
3237,121.146035,28.86698962,36.04310533,China
3240,119.2628945,33.77855916,34.60202881,China
3243,114.7700463,37.75164938,30.22722101,China
3254,111.593848,26.44890605,31.84587036,China
3283,116.0777321,34.79258351,34.19546808,China
3291,109.5844396,34.95254285,28.85182822,China
3294,116.6470119,36.93154974,31.92687777,China
3296,120.6812914,30.52831434,56.89640762,China
3299,115.5094579,40.3996232,29.45873864,China
3302,128.2356761,43.36213955,28.76852535,China
3314,120.4051467,37.37222433,34.13369723,China
3320,115.9460247,35.59136396,31.42274272,China
3329,114.912885,37.62321638,31.6394879,China
3331,117.7539654,40.95057014,34.08907039,China
3349,126.9844735,45.54512589,29.83652442,China
3351,104.2404979,23.37616007,33.81085348,China
3354,38.71229284,38.38353381,28.28797744,Türkiye
3360,119.5954338,40.10068029,28.27219726,China
3365,102.8365628,23.62430821,29.03931183,China
3376,112.59228,34.90354387,29.57310397,China
3384,34.95997202,40.55106787,28.08710428,Türkiye
3387,109.9141551,35.17312719,29.12653338,China
3388,118.8276964,35.18312719,34.38474341,China
3397,111.6524883,35.29521052,28.73290268,China
3407,113.6635299,35.53791885,27.94925773,China
3412,114.1883216,35.61500218,28.2718276,China
3414,121.9406625,39.39345441,30.88429147,China
3424,123.4423328,41.14738568,33.02050719,China
3426,119.7919752,33.78130567,33.532508,China
3433,116.4139839,33.92916891,38.81536054,China
3439,93.51476179,42.83731249,27.75120257,China
3441,119.4413169,29.22353847,38.16732296,China
3444,35.89330532,41.56288953,27.98677866,Türkiye
3448,115.0561285,32.13552863,28.33696232,China
3452,107.9698959,26.59004883,29.89157589,China
3454,110.8761636,34.52019453,29.00028198,China
3456,117.71783,34.55951076,28.98676295,China
3459,120.7409763,41.80668797,27.8823247,China
3463,115.5669927,29.84538529,38.30920535,China
3464,114.0035139,34.71998084,30.34311676,China
3465,105.8221377,32.43859879,28.60609138,China
3469,126.6235385,45.98405973,29.3069921,China
3475,30.56310133,38.75193294,27.47555025,Türkiye
3504,116.5578829,33.26096718,32.29563676,China
3505,111.612061,35.50032269,28.661072,China
3511,113.5717225,30.94245732,27.22265663,China
3512,75.99379057,39.4757134,27.19929862,China
3530,98.49053764,39.74319307,27.09608968,China
3538,129.4727149,44.34924425,27.3799361,China
3543,108.626459,21.96764978,30.97482833,China
3545,126.5009629,48.25133146,27.23867522,China
3546,108.4607341,34.30263381,28.01116914,China
3553,121.4319324,29.32500243,34.76513818,China
3554,119.8001006,32.0748897,41.44250169,China
3556,112.9804049,38.50437706,27.23280943,China
3557,103.8055442,29.42338205,32.49003298,China
3560,105.8905587,34.55723906,27.22029997,China
3562,115.0358215,38.64750205,27.17934248,China
3568,26.94645006,38.77437705,28.47186825,Türkiye
3577,103.8326275,30.05926166,41.57172068,China
3580,122.0471033,37.19241664,32.50278222,China
3586,103.8201275,30.42940053,31.06224603,China
3591,131.1398131,44.07102897,26.88961527,China
3592,111.4460598,27.70940725,27.32293545,China
3597,82.97156356,46.74676099,26.54592949,China
3598,111.7928124,30.8270857,27.25483028,China
3601,119.7906412,33.4771419,33.64794864,China
3602,38.26462802,37.76634824,27.5052732,Türkiye
3607,116.9661918,31.04583569,26.82620144,China
3609,128.1878942,41.40864016,26.44003321,China
3611,89.17617971,42.96190664,26.43707961,China
3613,37.01082465,39.74375201,27.09609066,Türkiye
3619,116.5780864,38.06998071,29.76031225,China
3620,113.42189,38.08536532,26.71161526,China
3621,118.8622797,39.906877,31.97843546,China
3623,117.5476964,39.92354367,27.68558465,China
3629,26.55456491,41.66880275,26.33548011,Türkiye
3637,102.408322,36.47807232,26.24252644,China
3645,115.2793632,40.48375198,28.44119277,China
3652,109.2271281,34.66520492,26.83258792,China
3656,125.2107832,46.44886538,26.0972906,China
3666,119.6979642,29.80202622,36.09213271,China
3667,107.0284409,29.82369288,43.52547649,China
3673,125.6809837,42.53140434,27.88630466,China
3674,124.0289513,42.54116043,27.56519705,China
3675,108.8190541,23.22033095,28.73234047,China
3676,114.6791549,35.1974121,29.46919401,China
3680,125.8668528,44.15654945,27.46907129,China
3688,124.6976919,52.33239947,25.81116449,China
3695,112.9264522,35.79741208,26.1190139,China
3696,116.0937945,35.79966433,29.25363029,China
3707,32.84334734,36.0771418,26.72230999,Türkiye
3709,122.0644259,46.07296687,27.46856797,China
3711,112.5544001,28.26691423,30.96086702,China
3713,113.0458216,33.85740965,27.79909959,China
3714,119.644869,31.28702616,27.85853686,China
3725,115.3377075,38.41491434,25.58295908,China
3745,110.6356655,21.66120065,25.86623845,China
3753,118.3342473,34.62152999,28.61250116,China
3758,116.0876914,43.953762,26.94255703,China
3778,116.0833215,22.88958602,25.64509557,China
3785,110.5286921,35.33819663,25.21569364,China
3798,107.0234409,33.07559752,25.16999374,China
3802,106.6682756,35.54560403,25.15196626,China
3804,103.214109,35.60486329,25.13369447,China
3805,115.354631,33.26250227,25.47611137,China
3810,119.6713115,30.63235532,36.53414256,China
3811,118.5251007,37.88074533,25.76805651,China
3816,113.8531448,27.63800755,34.9335197,China
3831,108.3889591,31.17181608,27.52546108,China
3837,102.5825408,24.70521095,25.297367,China
3838,120.3431897,40.32763357,24.9025053,China
3848,113.7698692,34.22726414,26.97115198,China
3854,118.8664096,31.75711017,30.63948027,China
3857,114.6541549,38.79110565,24.78161939,China
3861,107.409199,40.76447565,25.39446508,China
3862,116.2249882,36.86227064,27.83210514,China
3868,121.0251142,29.14204789,27.33725135,China
3878,119.8043998,32.24264937,48.26784539,China
3879,116.3888395,39.11047501,25.6724333,China
3882,115.5505834,34.82321649,28.19113185,China
3886,117.342436,25.99791923,35.43298065,China
3895,120.1382233,32.51176701,34.37368884,China
3896,104.102072,26.23307547,25.36943646,China
3900,110.2522733,22.30390056,24.95967126,China
3901,112.5994981,32.68407092,24.55704457,China
3905,118.2367936,37.5062521,26.91814504,China
3909,116.0767739,35.39083552,30.79942713,China
3912,117.6305833,35.50916885,27.26078744,China
3915,114.5330901,37.7548632,26.49005274,China
3916,39.4917705,39.74696147,24.45125306,Türkiye
3918,112.5993163,22.99126612,27.20385316,China
3921,98.27149788,39.80912363,24.42952808,China
3932,114.8965568,33.44730618,27.57147979,China
3940,103.6276402,30.99179529,37.50249624,China
3946,112.5819327,31.17007811,25.69104837,China
3948,115.5333215,28.06588789,27.61362415,China
3949,115.6615622,38.59629835,26.86281462,China
3952,118.54225,36.51035928,26.57686798,China
3954,115.7673493,38.69120576,26.15727567,China
3955,117.4416548,28.40104413,24.88873248,China
3956,31.84344391,36.60321642,24.13233389,Türkiye
3958,113.9822501,36.64035928,24.12091031,China
3966,112.2579429,31.72134072,24.08345944,China
3973,118.762243,34.52965908,27.58209417,China
3975,121.1834475,31.89457303,36.42405021,China
3992,114.7403454,37.35988306,24.2390118,China
3993,110.2794328,21.6091694,25.47742783,China
3996,33.77262658,41.38660104,24.51357333,Türkiye
3999,113.8755091,29.71979408,24.95086058,China
4003,117.6213591,26.26250255,24.9784061,China
4006,122.966886,39.6925946,25.46277924,China
4013,103.0036345,30.0000024,26.3677982,China
4017,124.1451267,39.87245571,29.68540052,China
4018,115.4941058,35.57010022,25.84320937,China
4025,115.4359257,30.24166906,24.08197835,China
4031,113.5119832,33.30492651,26.53973063,China
4045,117.476811,30.65755446,32.09740324,China
4049,103.7122198,27.35174982,24.36443351,China
4052,112.6952661,23.35111378,26.34518918,China
4060,118.7489464,30.9489607,29.79576534,China
4066,106.6280441,23.89444709,28.19809217,China
4079,102.9060998,24.66666928,25.69434685,China
4080,101.7100378,36.91103154,23.35056806,China
4082,110.0778924,34.55038101,24.04054721,China
4090,104.8991553,25.10361371,25.60529288,China
4094,119.4016084,41.25324269,26.50152408,China
4099,112.7804176,34.91022948,25.34619552,China
4102,111.6346238,32.26276273,24.30691327,China
4105,119.3044325,25.45333592,25.91990812,China
4112,120.5588421,32.39297105,32.24429648,China
4119,120.4619671,32.54297105,38.34190458,China
4120,43.03701489,39.7232163,23.13740721,Türkiye
4130,30.30857002,37.73260013,23.1009691,Türkiye
4132,107.3807681,29.7076637,23.09171232,China
4135,27.2642074,37.81985503,23.07417086,Türkiye
4138,119.5527658,26.22278033,26.52456202,China
4142,28.32866814,37.91372757,23.0452928,Türkiye
4144,110.8461091,21.91566364,24.62985621,China
4157,101.5808221,26.60278031,22.99072683,China
4160,119.7079181,30.23266368,27.41954586,China
4173,100.9682359,22.79181303,24.08410572,China
4181,116.16881,22.999859,23.25944056,China
4188,113.255165,36.32689609,23.52491929,China
4190,120.2515505,33.77786683,25.68488283,China
4203,113.1138324,31.02648085,22.7884911,China
4204,115.4566801,36.48674456,23.82293152,China
4217,113.6877571,31.26277117,23.46620295,China
4218,121.2255832,40.93535911,23.05672175,China
4223,117.3469709,23.94324977,26.23012303,China
4227,117.6110513,24.12342218,25.80236347,China
4229,27.56077601,39.10294321,24.34109875,Türkiye
4232,109.7213773,28.29639136,23.78063273,China
4240,128.8627013,47.7236128,24.03953883,China
4242,29.9999916,39.41862947,22.57371833,Türkiye
4245,112.3713964,24.78807732,22.94727405,China
4250,118.6382693,34.91979387,29.56738537,China
4251,42.26299616,37.42462332,22.51289296,Türkiye
4255,27.20845131,37.55012836,22.4757373,Türkiye
4266,114.8018111,35.40234593,22.39646296,China
4267,120.8994324,29.50639131,24.25627448,China
4271,106.2205441,29.57611353,26.85042686,China
4274,122.8282022,42.00416859,23.96368123,China
4275,116.8396387,32.79798616,22.36218423,China
4286,127.4939163,42.16607334,22.94721303,China
4288,106.2647108,29.99028018,27.85686029,China
4295,124.0722918,40.46299218,22.23713902,China
4299,34.03471366,38.37159297,22.2298762,Türkiye
4305,119.5394995,26.66278989,25.65960291,China
4309,123.5698688,42.45488285,24.1130243,China
4313,112.7889764,22.260717,23.38192422,China
4314,116.2151763,33.50551301,26.83825994,China
4315,115.2535993,30.45111349,22.92215827,China
4319,113.3509291,33.61707215,22.51516254,China
4324,113.1633216,30.65583571,25.4577094,China
4329,111.5755836,22.76994317,24.08759391,China
4330,115.3764763,22.79137174,22.10994929,China
4335,102.1023325,36.51067922,22.08982888,China
4340,104.6735997,31.03805791,22.05075058,China
4345,120.177488,50.24854326,22.03834595,China
4355,27.62385533,39.17462325,21.98504712,Türkiye
4356,101.9925482,23.60506218,23.15638266,China
4368,115.6648319,37.06927295,23.30313932,China
4389,130.9289227,45.21018698,21.82653702,China
4393,115.6605437,32.18444676,23.23840122,China
4394,112.3662239,28.83893923,21.78253411,China
4397,126.3016081,45.37939993,22.36675036,China
4400,128.0397399,46.98772695,22.02381277,China
4421,110.8152661,32.82722451,24.51845453,China
4428,115.9743568,40.45618885,23.87459036,China
4430,115.1975457,29.85761735,24.54634281,China
4438,36.94203678,40.59381511,21.54166711,Türkiye
4444,107.513679,26.27976445,23.82265523,China
4445,36.58092568,40.68295652,22.16512196,Türkiye
4451,129.4164092,42.77647248,21.46490711,China
4453,116.4399075,36.28346989,24.23040223,China
4454,113.7005438,33.54416892,21.46081054,China
4459,109.7955131,21.99768791,21.43954866,China
4472,113.5547722,22.38163851,21.77830197,China
4481,104.4303047,30.85934145,25.40527135,China
4501,110.0828588,23.3862681,22.01459877,China
4504,112.1783216,34.51972444,23.69529615,China
4514,122.7820117,45.3370256,21.17350021,China
4515,111.8722105,34.73750221,21.87083919,China
4527,118.2711088,32.10187013,25.80333806,China
4545,109.5730653,19.51987461,22.995798,China
4547,118.453877,35.54611329,22.0079792,China
4548,116.2599019,32.6421,25.29048571,China
4555,32.64504358,40.47396031,20.92570703,Türkiye
4561,120.3150742,32.85359424,24.15016274,China
4564,125.162978,44.44534496,22.42203134,China
4580,39.20039446,38.6756741,20.7960088,Türkiye
4584,120.7176682,49.29268181,20.78690894,China
4586,27.51014795,40.97500196,22.06925209,Türkiye
4597,116.2624881,38.90658807,24.40626289,China
4601,28.73801248,41.19401237,21.9970277,Türkiye
4602,36.71171008,41.20364779,20.70011691,Türkiye
4603,114.8739825,33.74123788,22.84049645,China
4604,115.7934021,39.04664182,21.69090007,China
4607,113.4831779,33.84870914,21.38641447,China
4614,111.7049883,36.71361324,21.00014227,China
4618,114.3666549,30.88035951,20.98208777,China
4633,118.0910992,37.05555767,21.25052334,China
4636,117.911,31.30119282,23.82387562,China
4642,114.8241549,37.25416878,21.19586063,China
4648,113.4976734,27.67330496,20.87826883,China
4649,116.2938984,23.03173345,22.46594017,China
4651,116.9974344,39.75820093,22.13464132,China
4658,84.86445019,45.60612923,20.47185954,China
4660,116.927718,34.73290451,25.39856797,China
4663,44.04770609,39.92459878,20.43410517,Türkiye
4673,39.32193567,37.76250209,20.37511277,Türkiye
4683,113.4409365,35.22600794,24.54886938,China
4686,113.6432354,35.26221483,23.13602359,China
4688,115.7269112,24.14807956,23.06192509,China
4691,115.5524882,38.00416875,22.00193083,China
4701,116.6881054,28.99984812,22.49943493,China
4704,130.5688601,46.2441194,20.24079167,China
4706,108.0615269,24.70032312,21.01700172,China
4708,114.5455342,35.67658263,21.6235382,China
4710,112.8365954,32.6860142,20.94528995,China
4711,99.16537345,24.80384876,21.00031118,China
4716,88.44295801,42.78359564,20.19997332,China
4717,122.816789,40.73239444,20.19475961,China
4721,118.1823599,25.06410516,23.67319424,China
4727,122.1170578,40.82432992,20.16725867,China
4729,119.8985991,29.45787279,25.76133934,China
4730,121.8800805,29.4689839,22.39898505,China
4731,116.8283215,38.5769465,21.16011191,China
4737,103.4813158,29.59614439,21.2527209,China
4739,106.7563157,29.63009501,46.58358885,China
4747,106.4282293,29.82793451,22.69322256,China
4755,114.6024307,36.33376651,20.75574148,China
4756,114.942948,36.35905387,23.17006162,China
4759,31.42781412,41.27056647,20.03302924,Türkiye
4761,116.6272104,39.01000204,23.37089472,China
4767,116.011377,39.11250204,28.337275,China
4774,118.1858214,39.23500203,20.967641,China
4779,130.8081946,45.36199673,20.5596297,China
4785,122.4107638,36.91106534,23.69332621,China
4790,105.378538,30.8804036,19.8778131,China
4793,108.0752861,34.2714308,20.21778488,China
4798,122.4415109,37.15675499,26.01503428,China
4802,113.1511788,34.38958556,21.252333,China
4804,116.344631,34.42589508,20.5352429,China
4805,115.0627858,34.43154984,21.24163008,China
4809,115.0183524,31.18102087,20.55045196,China
4822,114.6555917,37.47916877,20.11062775,China
4845,108.2794885,23.15583601,23.62767041,China
4849,118.8030053,37.85790438,19.67093659,China
4850,113.8234882,23.290836,21.63675424,China
4852,124.465429,47.79975659,19.66659952,China
4854,121.2493469,28.11474607,21.55056298,China
4864,113.1558216,40.43083532,22.57585514,China
4869,121.5351731,50.79352009,19.60925229,China
4878,114.7337845,32.34367515,19.93616119,China
4883,114.0328586,32.47515662,19.54580749,China
4885,31.60693598,40.73444642,19.5427219,Türkiye
4892,77.24180006,38.41738712,19.52318079,China
4898,98.56515552,24.42616929,27.30282018,China
4899,119.0001424,32.68657637,26.36290768,China
4909,116.4535596,35.92381169,22.94896231,China
4921,123.7891545,41.10027973,20.73240965,China
4927,103.6551553,25.0325026,20.96204066,China
4936,118.8627967,33.29830474,22.59631024,China
4947,36.34522944,36.50774023,19.67457693,Türkiye
4962,113.2324883,25.95550256,21.57561042,China
4963,118.3732905,33.78811953,22.47196037,China
4966,82.9522117,41.71944638,19.25492433,China
4972,111.7390909,30.42692546,21.44848877,China
4976,119.8328584,33.99861335,25.2635965,China
4992,111.0112063,30.83493826,22.4646366,China
5020,109.2881829,22.40416937,21.3790563,China
5023,36.07973274,40.38663992,18.9881782,Türkiye
5033,121.6551161,31.81666899,28.43427086,China
5035,106.7541552,31.8592972,20.4045198,China
5038,119.161847,31.94968181,25.84465018,China
5039,110.7124884,28.06016914,19.29217318,China
5043,109.1277662,23.20625267,20.07549772,China
5052,115.3784882,28.43050246,20.73473235,China
5054,117.2661918,35.65571205,20.23368276,China
5059,117.6817189,32.52532281,22.06711144,China
5064,118.6014881,28.71783578,22.56012397,China
5079,115.8098215,29.03116911,19.49382566,China
5092,115.8663572,39.04553775,19.35515359,China
5093,115.6166548,33.16634843,22.62930325,China
5095,102.5972109,24.80069705,18.66700597,China
5097,113.4561549,29.47750242,18.6640176,China
5101,114.2628087,33.27468176,19.37358603,China
5105,117.3144112,33.31666893,19.36460962,China
5109,115.0762702,33.39423303,21.13897737,China
5114,130.5627564,45.75739424,18.61578193,China
5120,117.5493471,33.54936123,20.02930478,China
5122,37.12884934,36.7137367,18.9343932,Türkiye
5125,125.2306696,49.17386527,18.86544666,China
5140,118.352369,39.58660916,19.53936232,China
5152,110.4498072,19.97808251,19.71315832,China
5153,114.3141549,30.35483572,19.61352014,China
5156,114.856719,34.07115608,19.55395542,China
5157,106.6378219,30.46616905,24.02754752,China
5158,108.2365269,34.10192531,18.83593067,China
5160,120.937488,30.52650238,28.07507092,China
5169,111.6190856,26.23298866,18.83466414,China
5172,113.8308216,30.65383571,20.6616761,China
5176,116.5581672,37.3396626,21.17219554,China
5181,122.5317408,42.38778926,18.42112427,China
5190,125.7058211,44.5352796,20.85416365,China
5205,27.41310899,37.75478604,18.67906711,Türkiye
5216,109.198358,21.67228534,20.29361487,China
5217,105.9609454,37.90447739,18.98093865,China
5227,113.8308216,31.61850234,18.26486594,China
5229,126.0627751,42.93980073,18.89021171,China
5235,110.1400525,35.22788681,18.23571926,China
5238,117.9743471,35.26506629,20.68104081,China
5239,111.6562383,27.70034971,18.21656058,China
5241,115.3944326,27.75451638,19.34562765,China
5243,112.7719086,22.46576357,18.99518238,China
5245,110.841655,35.41859193,18.19352421,China
5253,121.4321546,32.13983565,27.60908822,China
5257,121.2874879,28.23854414,21.14899758,China
5258,107.6336423,35.73237397,18.12365483,China
5261,114.2766187,23.17409688,18.50521979,China
5265,123.1743158,47.33320063,18.08977295,China
5273,115.8331403,23.43895194,18.07631095,China
5279,122.4249879,41.38958528,18.70674598,China
5281,120.1211547,32.71316896,38.26747212,China
5286,118.1634496,36.18205343,21.14128485,China
5288,121.231238,41.53541861,18.98745086,China
5291,119.1760297,29.0479191,22.48900174,China
5295,113.4037926,24.1907635,17.97426018,China
5299,120.4521546,33.20550227,26.92974946,China
5304,105.903808,29.3527802,29.15155335,China
5306,109.7338652,24.49257508,20.27193786,China
5317,113.6131549,33.44416893,19.33657275,China
5318,112.8146488,39.52423041,17.89943535,China
5326,86.55891791,42.06309716,17.87626917,China
5340,97.57051359,39.83534151,17.82026028,China
5351,28.37306859,37.21987391,17.78500057,Türkiye
5358,115.3890907,37.35929698,18.77696709,China
5359,112.885405,30.4315996,21.81781774,China
5363,114.6385299,30.54166904,19.94660439,China
5372,126.5515682,44.82744434,18.91935409,China
5375,116.8242937,30.74409959,19.90540761,China
5377,27.97668921,40.34367483,17.68974516,Türkiye
5393,109.4583218,31.02708569,19.48044982,China
5398,129.8362971,42.97470426,17.62110624,China
5399,112.1531934,37.92275849,19.99335584,China
5400,34.67659398,37.96859182,17.60993915,Türkiye
5402,117.2854048,31.25659957,19.06761115,China
5407,124.7899569,40.72824271,18.24157964,China
5413,116.2994881,35.0695022,22.48618947,China
5422,27.96153014,38.22884822,17.54837209,Türkiye
5430,37.90138017,40.97423036,18.82411975,Türkiye
5443,114.6578215,35.43850218,17.4895229,China
5449,112.5186477,27.73605322,20.10769501,China
5450,125.3560063,41.27484763,17.76998601,China
5452,27.98039292,41.29552664,19.70256383,Türkiye
5454,114.6748071,27.81286481,18.95625732,China
5458,119.1938214,35.76050217,19.51102794,China
5467,107.9094582,22.64810875,18.97097248,China
5469,122.7374879,41.51342787,18.34971262,China
5470,27.83685066,38.92596358,17.38165449,Türkiye
5474,108.4624885,22.78485117,18.16264659,China
5477,116.2476331,28.37047348,18.10566554,China
5479,115.7811548,36.11350216,18.38502295,China
5480,119.9229952,28.45634304,19.59893436,China
5486,119.0009496,39.22980972,25.29406053,China
5487,118.2345895,28.6788068,19.55840358,China
5491,113.0976332,28.80018361,22.16660801,China
5498,32.01715819,36.54850214,17.59438792,Türkiye
5499,111.4801967,33.13264116,17.60775848,China
5502,129.5599014,46.3148006,18.72873985,China
5509,111.4812383,33.30139116,19.72601933,China
5512,114.9494882,36.77250213,18.57635547,China
5514,117.9200638,24.17045718,18.36770927,China
5529,115.8943722,29.60960386,22.36714295,China
5534,124.8655434,48.48277944,18.26839909,China
5535,126.1038671,46.68893851,17.12548735,China
5540,118.4030678,29.86141545,29.75063375,China
5560,105.8313291,30.18424152,22.24218364,China
5578,119.2492936,34.29791889,21.27580871,China
5582,116.2950968,30.44329948,18.11741678,China
5591,113.0402661,34.45937722,20.88107012,China
5596,118.9755315,30.62192267,22.1443267,China
5597,127.9621901,45.21488274,18.79396853,China
5598,108.239919,34.53229389,16.97344169,China
5618,111.7565856,34.76007165,16.92772038,China
5619,122.0070392,40.77852761,19.85628156,China
5622,105.4602159,26.23219952,17.2974068,China
5633,112.8382459,26.41666921,18.80537488,China
5642,34.02883759,41.02179683,16.86478591,Türkiye
5644,82.22144013,43.48009445,16.85347319,China
5648,31.42215821,38.35916873,16.84365872,Türkiye
5651,115.4841548,38.3868354,17.17399304,China
5654,27.78909425,41.16891221,20.06447443,Türkiye
5656,121.3733854,41.17724554,19.09100231,China
5670,113.1291549,38.62950205,17.45318343,China
5681,117.4522103,49.59111273,16.75314563,China
5691,114.5233578,32.19547333,17.78971397,China
5699,121.1777053,32.31358926,20.66735012,China
5704,109.931536,22.0700424,16.66688185,China
5717,116.6011245,28.24015399,17.74982785,China
5718,115.1520715,36.2868077,16.96042485,China
5724,117.9907489,32.78279214,19.11920061,China
5726,83.62112041,46.52797793,17.17597287,China
5728,110.9926471,22.91964554,20.51204095,China
5731,119.0095895,33.01829938,21.22842446,China
5732,109.4906134,36.59409936,17.58444036,China
5734,34.32394976,36.62326602,16.54365811,Türkiye
5756,113.5878851,23.54543917,16.49143116,China
5759,104.9110393,33.39511096,18.63067005,China
5764,103.1870918,23.8148836,17.24210317,China
5765,35.81526915,37.03368267,16.79961046,Türkiye
5767,130.5294629,44.92330427,16.45115929,China
5781,124.1208212,42.7826942,18.30693171,China
5783,111.8757459,29.62462363,16.40092668,China
5792,113.4617307,29.81969938,19.34591081,China
5793,112.8996095,29.82424483,18.97275136,China
5795,103.7565363,24.53948675,17.14653365,China
5801,119.5766185,34.2023573,19.16933852,China
5807,118.2743928,25.01369308,19.02409509,China
5809,109.481049,30.28977512,21.84624774,China
5810,122.7061546,40.70316864,17.27087127,China
5812,114.3128851,25.12718513,17.45518956,China
5816,125.0698952,45.51744005,16.28240954,China
5865,28.80082498,41.28850195,24.22828587,Türkiye
5877,120.0797957,43.89807877,16.73834922,China
5885,116.9443063,31.46629022,17.19649103,China
5894,32.33182484,41.63383527,16.06680812,Türkiye
5901,100.227965,26.87916919,19.87853913,China
5908,115.3777056,35.72808188,16.38189386,China
5912,116.7914736,35.76540072,16.72277062,China
5926,112.1811391,27.4625025,16.73408376,China
5935,116.2689275,32.33939625,17.76197196,China
5962,110.579155,32.81742653,15.86653275,China
5976,106.0077784,36.75271952,15.82813335,China
5977,115.2579427,33.06363864,19.77981301,China
5980,116.757778,36.80090793,24.07169314,China
5986,114.0033973,33.14659318,16.16795636,China
5987,28.25959312,36.85779198,15.80680263,Türkiye
6011,113.5283974,33.63901741,15.72095541,China
6028,109.9344581,33.8670477,17.81819524,China
6033,131.8749875,45.55032229,15.67031334,China
6041,114.3901397,34.05644163,17.06815699,China
6044,115.2977155,34.07841133,18.12986089,China
6045,103.5755839,29.74583574,17.49854497,China
6050,119.8069325,40.81632141,16.26592966,China
6058,108.6483218,24.49458595,17.93215146,China
6064,114.1890034,34.41136586,18.05995732,China
6073,120.9756824,41.04861307,15.88541705,China
6077,118.9161112,38.08279193,20.96498948,China
6081,34.46318587,41.13576584,15.54093647,Türkiye
6082,104.5454251,30.39702619,19.97617411,China
6084,103.0374887,24.9825026,15.53345623,China
6087,116.4174881,25.05583593,17.46526778,China
6089,113.3499883,25.13583593,16.29024907,China
6113,121.8454244,30.88035951,39.75302088,China
6115,108.7128853,30.93194681,18.76285983,China
6116,103.943441,30.9803595,22.43269272,China
6124,122.1208212,41.69375193,15.73111789,China
6135,110.904155,35.50416885,15.37844292,China
6138,116.326377,31.41131187,19.76902836,China
6149,124.7820391,46.68621968,15.35464774,China
6151,103.2999887,26.43000254,16.1173343,China
6164,123.7223093,50.59494205,15.31564676,China
6168,113.5399883,26.79625253,16.44949587,China
6170,114.8991549,26.80250253,18.74346616,China
6174,106.8034306,39.32337159,15.29096845,China
6182,114.9162382,27.03041919,19.85199416,China
6191,115.6677912,36.2420476,16.9700801,China
6193,30.0030219,36.24507791,15.9303508,Türkiye
6195,127.151821,44.91583514,15.23450866,China
6201,99.64123881,27.34875251,15.22805857,China
6208,110.081348,20.91645013,16.79615508,China
6209,132.0374875,47.25288633,15.19484137,China
6213,78.54690995,39.78677737,15.19078004,China
6218,126.0360989,42.68541856,15.48978515,China
6230,114.0196311,32.80575626,17.31061521,China
6231,113.9177913,36.71932031,15.83488869,China
6232,104.831428,36.73333546,15.1437122,China
6245,114.6164565,32.9581372,17.28216032,China
6246,114.1552419,40.11503823,15.11919806,China
6249,94.58241655,40.1240962,15.11721562,China
6256,114.9274882,28.23791914,17.75043444,China
6261,35.02915807,36.96212333,15.44232898,Türkiye
6276,121.3979818,49.58657569,15.07921749,China
6277,118.1783214,28.4383358,16.58668725,China
6284,111.7795936,22.17785359,17.0511757,China
6286,116.428776,37.17083545,17.45412175,China
6288,29.13712932,40.42155995,16.3611345,Türkiye
6290,110.9352954,22.35373078,16.63414837,China
6294,36.45946104,37.24545666,15.04382783,Türkiye
6298,114.5166549,37.29128999,16.74371459,China
6310,119.8166547,28.91791911,22.14004449,China
6313,115.8304706,22.82522199,14.99953756,China
6314,110.5431901,22.85899391,17.75853871,China
6315,117.7212381,29.02666911,16.49553421,China
6323,115.7845715,29.25000243,16.46037948,China
6329,118.1325638,37.69432027,19.37357267,China
6336,38.38133184,40.90815414,15.2690609,Türkiye
6338,103.1519624,23.37522196,14.93963414,China
6345,114.5012382,29.60416908,15.2856906,China
6364,113.9091549,29.97666907,15.60155673,China
6365,124.1215458,41.3019947,14.85616675,China
6370,108.9343138,34.61726412,14.8368652,China
6371,115.1398691,34.6466292,17.30357963,China
6378,109.1732027,34.75178792,14.81321435,China
6391,122.168285,41.60235701,14.78857078,China
6394,113.0747899,34.94464506,17.59423817,China
6396,27.07196141,38.60227478,15.44505937,Türkiye
6399,84.85901718,44.33611294,14.76991354,China
6402,108.0779647,35.04662918,15.4639352,China
6406,113.9345716,30.67791904,17.33672985,China
6420,129.3847098,44.57222404,14.71113134,China
6432,100.1659976,25.69759029,15.05785164,China
6437,116.0256461,25.88004642,21.20344173,China
6459,115.3458215,26.33004641,16.89937635,China
6462,117.7795934,26.39188851,23.41482981,China
6466,106.4703833,26.55767798,16.48304139,China
6471,114.8991549,32.01291899,16.7336852,China
6501,102.8565363,36.50139103,14.84334177,China
6516,117.4817863,27.35241479,14.4661907,China
6519,27.65074927,40.11894139,14.78979349,Türkiye
6523,118.3030184,40.15871411,19.05138374,China
6535,40.05177691,36.84781959,14.43414807,Türkiye
6543,117.5491548,32.87458562,16.9378074,China
6556,129.7577775,43.31902361,14.70733186,China
6564,111.8470717,33.05000228,15.82562076,China
6577,113.6186286,28.15504633,17.38548925,China
6581,114.4090791,40.67045652,14.99684862,China
6589,117.5936284,28.41074808,15.83672715,China
6591,118.3692341,37.41567671,14.3280694,China
6595,117.8812381,33.47791893,17.53935586,China
6610,127.338937,43.71938591,15.85445765,China
6616,117.0699443,28.69320421,15.4189846,China
6631,40.6644753,37.8486132,14.24623662,Türkiye
6635,110.4774007,29.12741472,15.35621206,China
6638,41.93669747,37.93591478,14.22963494,Türkiye
6640,104.9909974,29.18750243,17.21901239,China
6641,103.9484536,29.18881822,16.09542014,China
6649,123.0560776,50.63974516,14.20827817,China
6651,129.1838644,44.12083517,14.20564826,China
6657,116.1354048,34.2379189,16.67785812,China
6662,116.1390755,38.18988302,16.88259711,China
6669,115.8587382,34.40250222,18.06227768,China
6675,102.0791554,38.36805762,14.14696454,China
6678,112.8648031,23.45185451,18.46765558,China
6679,104.8515237,29.7765375,15.26029783,China
6682,114.5462184,38.43591476,14.47034705,China
6689,115.4260847,29.90373047,21.93040176,China
6694,115.7386786,38.54424809,14.11302392,China
6695,109.7887384,34.72125221,14.11294249,China
6701,115.9361724,30.07960766,14.84350483,China
6702,100.0893406,23.8893545,16.84030907,China
6704,114.8116549,34.83041887,17.97038403,China
6705,115.7694326,23.93472486,16.8351003,China
6718,115.8912382,34.95333554,16.18513835,China
6725,112.7326637,30.4598708,14.78730385,China
6727,123.5098363,42.05947161,14.68512204,China
6729,103.4300813,24.4152804,15.99290986,China
6730,114.1999882,35.15375219,14.7419802,China
6731,112.6365624,24.47083595,14.42637239,China
6746,114.7962601,30.84364272,14.72998165,China
6747,104.3023034,24.89352112,15.54455562,China
6749,103.1504516,24.93426186,15.92807624,China
6752,98.49489627,25.03287297,14.75094061,China
6753,118.4319325,39.27400997,13.97100863,China
6756,128.120821,42.43485039,13.96431812,China
6769,117.41434,25.29629888,17.43091552,China
6772,118.248453,31.26162516,24.5688178,China
6773,119.7328584,25.43009518,13.92992283,China
6774,114.6063479,31.28443217,13.92992063,China
6781,125.5295332,42.67424432,14.22778064,China
6785,116.7499881,25.71111368,17.75906784,China
6788,115.8487382,36.00291883,16.67451516,China
6793,114.1234531,31.56601111,13.88896934,China
6795,113.6922502,39.696629,13.88771042,China
6798,117.8450278,39.75258137,16.51886495,China
6802,128.8249876,47.8548628,14.15671401,China
6830,26.4148727,40.1390893,13.79967789,Türkiye
6833,118.1726733,26.65370624,13.78842162,China
6836,29.55852336,40.2470258,13.77807623,Türkiye
6845,121.5270713,36.90916879,16.48299622,China
6851,37.79165795,37.01208545,14.06070183,Türkiye
6853,119.9016547,37.01416879,13.71735414,China
6854,113.315997,32.72653738,14.79934618,China
6855,119.396238,37.02250212,13.71587513,China
6856,120.3191547,37.03541879,13.71358277,China
6866,79.9124896,37.12333545,13.69796111,China
6871,30.61407888,40.67520039,13.69189222,Türkiye
6872,29.52499162,37.16208545,13.69106477,Türkiye
6875,40.58124118,37.19208545,14.02788558,Türkiye
6877,34.47479301,40.73472419,13.67984934,Türkiye
6885,130.3291543,43.74394124,13.67318986,China
6888,132.200531,46.32771914,13.67168839,China
6896,26.63788856,40.85218451,13.65604041,Türkiye
6898,117.8813477,33.14276543,15.80947022,China
6899,116.1993303,33.14539701,17.24575754,China
6915,37.50733257,41.0303591,13.61981394,Türkiye
6944,115.9610993,28.4282432,14.32593774,China
6953,122.9315355,41.3414702,13.55623676,China
6954,110.2512139,21.38260078,15.54897632,China
6956,121.7795514,41.36527972,13.87405978,China
6957,123.4581228,41.37639083,16.1303927,China
6959,119.6402658,41.39940671,14.18923391,China
6962,123.3105037,41.42480353,15.79563365,China
6968,34.77042792,41.47916861,14.17215573,Türkiye
6971,113.2177514,33.97215136,15.66103248,China
6975,120.7333213,28.86111356,14.64392146,China
6993,100.7894496,22.01642429,13.49723324,China
6996,120.5729046,49.25833496,13.49268482,China
7001,115.0745715,38.35166873,14.82380736,China
7007,129.268647,47.14040027,13.46976105,China
7008,113.8073957,29.25278021,13.84122946,China
7011,126.9101068,41.80972415,13.45977827,China
7014,124.8722704,47.18387852,13.75153424,China
7016,115.7601734,29.32592835,16.07464098,China
7023,112.1634142,29.4189839,16.43377284,China
7030,119.2726732,29.45926168,17.17329346,China
7036,112.5583216,29.53102094,13.80422967,China
7042,87.80379364,47.36395098,13.4137238,China
7043,82.07688346,44.88674423,13.41306092,China
7044,115.66434,29.68611352,15.64633319,China
7045,112.1366111,34.7260987,14.46496518,China
7054,126.9664732,47.46757417,13.38767723,China
7056,110.4912384,38.83875205,13.72144525,China
7059,117.7931898,34.86908115,16.90626551,China
7064,107.5419003,23.32916933,22.02396477,China
7072,112.2314698,30.06342832,15.95962048,China
7078,113.9668742,35.04539693,15.81521691,China
7081,103.2355279,23.52328697,13.74500663,China
7087,109.5966989,35.1739057,13.33480375,China
7089,131.1405179,45.25644118,13.3277325,China
7091,106.9249885,30.33194683,13.69588763,China
7097,112.1869981,23.92524774,15.27028752,China
7102,103.8143405,30.53333571,19.5779868,China
7103,121.5602152,45.38409269,13.29813713,China
7110,107.7860996,30.67037274,15.49406671,China
7113,118.899988,39.42500202,15.60080462,China
7116,112.5759142,30.70370608,14.01340294,China
7118,104.5462849,30.70740978,14.38132944,China
7122,119.6471371,35.59408112,14.31415057,China
7133,116.4866109,35.72258989,15.68634304,China
7137,120.6573292,42.8502003,13.24216939,China
7141,111.5677515,35.79232673,14.6273358,China
7143,90.22121935,42.89226379,13.23327734,China
7145,113.740729,31.02315051,15.07021136,China
7147,97.93748888,24.713483,13.23154234,China
7152,114.7953313,24.90956143,16.31953077,China
7153,114.8997689,35.95153725,14.94589979,China
7160,118.8791547,31.32870605,27.47719039,China
7165,102.5061162,25.24044377,13.17621933,China
7166,112.2944328,31.43796531,14.63987644,China
7168,118.2855273,25.3232869,17.42778893,China
7171,111.9094181,36.26250215,13.15703696,China
7176,121.399062,31.63287271,16.43592213,China
7180,116.2471373,36.33530916,16.25773715,China
7183,33.93924583,36.37653723,13.13813666,Türkiye
7192,114.6831022,36.44890565,14.1622449,China
7200,116.7431899,36.55680038,15.52292901,China
7210,118.6783611,43.53750186,13.09597137,China
7217,29.36029864,36.67083547,13.08911568,Türkiye
7229,101.5554712,36.79451967,13.0684079,China
7236,114.8668742,36.90460739,13.73673293,China
7242,36.19582469,36.95723896,13.04107502,Türkiye
7249,115.4092474,32.45185415,15.56791096,China
7254,109.6820963,26.58112999,13.03049022,China
7258,27.41512328,37.03837931,13.37016109,Türkiye
7269,120.007586,26.88946331,16.43608198,China
7272,109.8645717,18.40885703,15.02449709,China
7275,117.2921177,32.76574303,14.0715099,China
7280,40.73749117,37.32390562,12.97908984,Türkiye
7285,111.0198413,27.12426722,13.7324433,China
7288,119.9651196,37.40285298,15.01314737,China
7290,31.84626346,37.4247828,12.96194191,Türkiye
7292,114.4923128,37.44583544,14.32250787,China
7301,127.5094574,46.88371385,14.4168794,China
7306,116.7927513,37.64671262,14.96504047,China
7308,114.3975759,37.66688806,14.28057781,China
7311,113.0018401,33.25324301,15.07191327,China
7323,84.67399735,44.43432722,12.90230667,China
7324,109.1860178,27.72867896,13.27961497,China
7325,111.3021942,27.74289465,14.4160376,China
7326,115.886611,37.79978279,13.91621925,China
7335,113.1712602,37.88969507,13.22140775,China
7345,116.6152659,33.63333559,15.36490903,China
7347,115.1935067,33.64629855,16.07706855,China
7350,119.1237625,28.0723064,16.26477077,China
7359,35.85999137,41.69375193,13.48402001,Türkiye
7360,117.7124881,28.31544364,13.20889394,China
7362,113.2958216,33.92268743,12.82085621,China
7368,114.6848566,38.27215119,12.81629836,China
7383,119.3407288,34.09213187,18.83823405,China
7388,112.8904295,28.68603186,14.66802584,China
7424,110.2398032,34.55046518,12.72735308,China
7438,103.5536651,29.42916909,19.04368915,China
7439,105.3226738,34.75324295,12.69682104,China
7447,110.2343634,22.16719021,12.69002968,China
7457,111.7512138,29.64583575,14.90697829,China
7465,116.2517038,29.75514947,18.24125017,China
7469,114.4300808,35.0625022,14.05584858,China
7472,109.4041551,22.74739852,12.63823431,China
7485,125.2747894,45.70853352,12.62158429,China
7487,116.2966987,39.43618623,19.91213214,China
7488,127.4775671,45.75694621,14.41268652,China
7489,121.6780676,50.49221173,12.60784779,China
7514,121.5762561,50.64909578,12.56638753,China
7515,122.4987198,50.65851607,12.56389491,China
7517,112.7310068,35.63055773,12.56288244,China
7518,76.17082309,39.71688798,12.56144111,China
7539,118.3291547,30.9203455,15.45431094,China
7542,102.9249887,24.20000263,12.89370241,China
7544,32.56336869,40.07653708,12.49672963,Türkiye
7558,125.6670711,43.52833519,13.40986189,China
7563,113.9801353,31.25318862,12.46766028,China
7568,116.1593632,24.65625261,15.18492755,China
7571,106.0566062,31.35367882,14.28624804,China
7589,119.4692589,25.21666926,13.17860973,China
7590,43.09319283,40.60109847,12.40144795,Türkiye
7591,111.8419001,31.7781886,12.76393834,China
7593,29.28354426,40.65285285,13.04422724,Türkiye
7595,129.9085194,46.73948586,12.38975135,China
7602,118.2390506,25.49583591,15.08268727,China
7605,119.6990621,36.85324287,13.74594384,China
7606,30.73749157,40.79408092,12.36612772,Türkiye
7609,120.539681,40.80723881,13.3404042,China
7622,115.0185067,37.06944656,13.0222993,China
7625,40.51775434,41.0199581,12.32460563,Türkiye
7629,33.22313962,37.17963174,12.31914654,Türkiye
7632,115.0347104,37.21990952,12.99656833,China
7635,118.4262136,32.44240426,18.46871283,China
7646,114.5176966,26.33125255,13.44243839,China
7651,116.009884,26.45312754,17.26609785,China
7658,86.26073496,41.33881774,12.26565853,China
7666,113.6981364,37.60555765,12.25052598,China
7671,123.6225756,41.49013352,14.49212885,China
7681,38.62406533,37.79027987,12.22055213,Türkiye
7684,113.3390508,27.01094002,12.21860309,China
7690,119.6442588,27.09479418,13.35428655,China
7692,118.1840567,33.22818855,12.56349748,China
7705,109.9703831,41.78443175,12.18263014,China
7713,119.6168998,33.59142383,13.94174388,China
7725,114.5262137,33.79191401,12.48348749,China
7736,130.2670709,45.28666846,12.10975508,China
7740,114.4484257,28.10468998,14.74685758,China
7743,125.4074153,52.43677686,12.08712137,China
7745,113.3999883,28.24843997,14.35039601,China
7746,127.1554044,45.41166845,12.08339516,China
7753,29.41249162,38.67361316,12.07544406,Türkiye
7754,108.2159198,34.16348263,12.07488697,China
7756,128.3291543,45.45666845,12.37579591,China
7774,109.9507237,34.53112967,12.02301966,China
7777,113.4786647,34.54632575,12.02086505,China
7779,117.099743,34.58603163,12.01522949,China
7790,27.18610282,39.10972426,12.00272662,Türkiye
7794,88.65371732,42.79671241,11.99123084,China
7797,123.1958212,45.85291843,11.98987361,China
7810,118.5428802,34.9252473,13.726613,China
7824,112.3999883,29.37291909,13.45177337,China
7836,107.9685996,21.53805829,14.33770658,China
7841,115.5624882,35.07720808,14.05299649,China
7847,113.3588424,29.53489825,11.93833889,China
7863,112.4057175,29.71823158,13.77894836,China
7879,103.8590573,35.39534532,11.89913577,China
7891,107.3508218,22.41805826,15.43970683,China
7896,112.521802,35.58848257,12.22015776,China
7898,116.1156132,30.15937739,13.34825963,China
7901,123.5015229,43.51469484,11.85315356,China
7902,114.3140507,30.27031489,11.85230242,China
7915,103.4588428,30.41771072,15.90372058,China
7932,127.4313474,43.70153694,11.81690788,China
7948,115.2012137,36.07769824,12.84053124,China
7953,107.0041552,40.32963162,11.79557994,China
7962,110.0203588,40.40092791,12.11056282,China
7971,109.6547106,23.61028043,12.16638951,China
7977,105.8859261,30.99271069,12.13349674,China
7984,118.5749881,31.14791902,14.68384527,China
8001,123.9161915,40.79676123,11.71481311,China
8013,119.706238,31.50833567,24.13724248,China
8022,113.9989466,31.6213565,11.68916277,China
8035,28.68455048,36.98554134,11.66406636,Türkiye
8044,37.97180501,37.03161977,12.34289023,Türkiye
8054,113.6280438,25.08694704,11.64039502,China
8056,121.1477821,37.18701192,11.9757215,China
8067,42.18651072,37.33456093,11.61125086,Türkiye
8075,97.37327322,37.36789426,11.60618385,China
8079,123.0800317,44.80943163,11.59935605,China
8080,41.35464801,37.42720799,11.59715772,Türkiye
8084,30.58209942,37.46593347,11.59125781,Türkiye
8088,115.7247431,37.51054132,13.62886733,China
8099,114.3843632,32.60208563,11.92810265,China
8104,124.013365,45.00592285,11.56030516,China
8113,117.2134685,37.73309033,13.58916188,China
8115,125.2991545,47.88750168,12.12673623,China
8137,114.3515507,33.00312728,12.59524663,China
8141,106.1992533,37.99436483,13.20323861,China
8143,112.9333216,33.05677311,13.30705147,China
8144,119.5508214,26.49694698,13.04010955,China
8167,38.43405989,38.3453452,11.45583858,Türkiye
8170,28.52278578,38.35563932,11.45423713,Türkiye
8177,115.836998,38.42720795,13.46252296,China
8178,100.8267045,38.4330903,11.44217598,China
8181,115.1280438,27.20972473,14.48336495,China
8194,123.4097101,42.50602042,15.53521084,China
8200,115.4833215,33.86614808,12.82915935,China
8214,114.1869674,34.1026064,11.72799134,China
8218,110.6213773,27.85583582,11.36942765,China
8219,112.653692,42.75277967,11.36805842,China
8222,115.9311156,38.92720793,12.0331116,China
8223,109.3078009,34.16406473,11.7197731,China
8226,100.4521947,38.94387459,11.36210475,China
8235,116.0914097,38.98701184,12.02310004,China
8246,112.9556255,39.07034517,11.34213725,China
8257,117.0135298,34.51875222,11.31743394,China
8260,114.7666549,34.55781472,12.37289232,China
8262,126.2896807,46.26250175,11.90258796,China
8269,105.1291553,34.75833554,11.28537999,China
8280,124.5823952,43.34398335,11.26056975,China
8282,111.474155,28.90750244,11.25954869,China
8285,104.6395719,34.99948137,12.30781707,China
8293,117.3078006,35.13646053,11.23438419,China
8294,113.1102661,29.14750243,11.98285328,China
8302,109.9928806,39.81740397,17.82526393,China
8306,120.4052658,29.30805798,12.71249585,China
8310,105.2847108,29.34694687,12.70746949,China
8317,116.0369326,29.4602802,11.20027403,China
8319,117.2536646,39.99387455,11.19463201,China
8324,114.0408216,29.5452802,11.56407031,China
8336,106.0580441,29.8363913,17.85454877,China
8339,107.7252663,29.87139129,13.0147469,China
8344,108.3541551,21.6291694,11.14479582,China
8346,119.3833214,43.98935369,11.76101344,China
8371,103.8669331,30.29805794,20.73207504,China
8380,32.96717898,36.11093966,11.4475856,Türkiye
8384,33.61445224,40.59975688,11.09625152,Türkiye
8406,29.32290829,36.32135631,13.14719349,Türkiye
8407,116.5652659,30.64028015,12.91539035,China
8417,109.2666551,22.69405031,11.85284974,China
8419,112.2226074,22.69940745,13.43274113,China
8441,101.5369679,36.53333547,11.38680931,China
8446,130.8243297,47.57609819,11.61770813,China
8451,111.5619675,36.65156463,11.36964932,China
8453,111.6352661,31.07028014,11.02171576,China
8455,101.2557179,36.69375213,11.01918664,China
8458,104.1674886,31.12805791,15.78873095,China
8473,110.3934408,23.55000266,10.9939145,China
8486,117.3916548,23.78571693,12.54178377,China
8494,113.5339168,23.8648836,11.75147758,China
8509,37.31040797,37.16614795,10.95227356,Türkiye
8512,117.8270714,37.17448128,14.37350004,China
8516,104.0640511,37.20364795,10.94692924,China
8517,125.8638036,48.02916835,10.94212673,China
8519,39.75884538,37.24114794,11.62561067,Türkiye
8528,28.14217917,37.33802294,10.92774108,Türkiye
8529,115.9645715,37.34948127,12.63290256,China
8530,129.2431894,48.12258939,10.92251496,China
8545,115.2406132,37.52552293,11.24157522,China
8563,116.2624881,37.68906459,11.89713406,China
8564,114.0571311,24.95416927,11.26426661,China
8577,124.2773026,45.50787215,10.85676105,China
8583,116.5338423,37.88698125,11.52679755,China
8589,100.488084,25.35000259,11.61583048,China
8590,115.5847104,32.64028007,16.25780829,China
8592,114.9315358,25.38809782,15.09541399,China
8604,111.9386788,25.59285972,11.97944519,China
8618,37.20467881,38.20208541,10.80290478,Türkiye
8627,114.5347104,33.0347245,10.79205469,China
8642,107.3330441,33.15028005,12.21523714,China
8645,124.1448408,42.54534504,10.77184232,China
8669,123.347782,42.73897248,12.9500162,China
8675,111.8553455,26.59583587,14.17927574,China
8680,133.0893393,46.20740916,10.72278955,China
8686,112.1112978,26.79226443,11.85921738,China
8695,112.3720121,26.97381204,12.60466567,China
8701,118.3154643,27.03928823,11.83386624,China
8702,123.4166545,46.39768693,10.68606313,China
8706,113.6458216,33.93639113,10.68235985,China
8707,43.35780357,39.02812704,10.68123209,Türkiye
8708,111.0718634,39.03021037,12.01605692,China
8718,88.86543042,43.15073717,10.66829336,China
8728,109.6767741,27.44702631,11.03077426,China
8742,113.739274,27.63750249,12.91055084,China
8759,110.591655,27.91131201,12.12146388,China
8761,44.08019937,39.54791868,10.60351168,Türkiye
8764,126.4763766,46.83564987,10.60107012,China
8779,109.4119329,34.85916887,10.56733987,China
8786,114.5676966,39.83958534,10.55951218,China
8791,119.2333214,39.88854367,12.86087876,China
8794,33.22811647,39.92135617,10.54712666,Türkiye
8806,116.6839167,28.6928596,13.16238549,China
8817,29.9906166,40.15156449,11.16896565,Türkiye
8818,34.37655392,40.16302283,10.51039451,Türkiye
8819,111.9559407,28.91428816,13.13569739,China
8821,117.5880833,28.94345482,12.7562015,China
8826,33.02342898,40.24062699,10.49855862,Türkiye
8832,35.88280386,40.30260615,10.48909182,Türkiye
8843,113.7395716,40.36302282,10.47985159,China
8855,29.30363746,40.48854365,11.11457467,Türkiye
8858,115.2224882,35.73527995,10.45558001,China
8863,113.2773692,29.47381194,10.82546697,China
8865,131.1477817,44.40024692,11.98780315,China
8867,126.948272,44.40809006,11.06397033,China
8869,115.4769326,35.79472439,10.44790712,China
8880,29.51874162,40.69218947,10.42930023,Türkiye
8895,35.45780388,40.8739603,10.40123465,Türkiye
8904,111.4869328,36.22805771,11.77727377,China
8909,123.4999879,47.91944613,10.38801028,China
8914,114.5124882,36.30250215,10.38190384,China
8915,111.7690359,30.17797858,13.71673826,China
8920,122.1809403,30.27083572,15.55584911,China
8922,108.0333218,30.30357382,11.10789958,China
8925,95.50780148,41.10468946,10.36545632,China
8927,37.28644964,41.12031446,11.01079223,Türkiye
8929,101.504711,36.47250214,10.35962401,China
8930,114.9435993,36.47750214,11.04947744,China
8934,114.8058215,36.55527992,11.03870366,China
8935,124.2936282,50.79846648,10.34824416,China
8936,104.6752664,36.56361325,10.3476444,China
8943,108.60095,21.74583606,10.34055623,China
8944,111.6112063,21.75801555,12.32811022,China
8952,121.4698409,45.0620116,10.33343427,China
8957,118.4059404,30.69166904,12.90849862,China
8970,107.0676167,22.13942579,10.70932788,China
8976,119.4172499,30.89345475,15.45883379,China
8988,115.9980437,36.95694657,12.69754299,China
8997,109.8791551,31.08333569,10.28555001,China
8998,112.9613772,37.05694656,10.96779615,China
9001,118.216377,37.08916878,11.64823818,China
9004,27.88526946,37.14472434,10.61292853,Türkiye
9008,104.4136791,31.25476425,11.36751985,China
9010,116.0708215,37.20805767,11.63029115,China
9025,120.8285991,37.31194655,11.27269799,China
9028,119.6453312,45.54436452,10.24704584,China
9053,117.5097103,37.48194655,10.22542643,China
9068,108.8074884,37.60083543,10.20940873,China
9069,124.9223836,42.09896025,10.20932467,China
9097,125.7385294,42.28073108,11.13487977,China
9101,119.3160595,32.08869279,10.17730947,China
9102,119.306238,42.30468941,10.17662532,China
9103,86.37551018,42.32031441,10.17413636,China
9107,128.7521935,45.97867823,10.1686225,China
9115,118.8430436,37.94639097,10.16260046,China
9131,113.399393,32.37321659,11.23305149,China
9148,125.8479044,42.65364773,10.12085442,China
9150,102.1676169,24.68878466,10.89871031,China
9160,26.34915841,38.31527985,11.46086893,Türkiye
9161,111.2759499,24.82532312,10.10933041,China
9162,116.2240266,24.87596414,12.04855892,China
9171,115.4613771,38.45972428,10.09237382,China
9173,117.3785992,38.47583539,10.42663267,China
9175,119.1246675,25.07468208,10.08933148,China
9178,115.1935993,38.50861317,10.42173511,China
9192,116.0558215,38.61416872,10.07108372,China
9213,41.49638003,38.74527983,10.05295239,Türkiye
9219,128.9161335,43.10677271,10.04786289,China
9225,100.5554375,25.7131436,10.42328705,China
9232,122.8987624,46.72671742,10.0321438,China
9242,115.406719,25.96250256,12.32821906,China
9244,124.3322795,43.3114602,10.95366718,China
9249,125.305717,43.3473977,10.32170925,China
9250,124.4360172,46.85907035,10.30218613,China
9269,106.7708219,39.23527981,9.984716935,China
9279,113.9547501,33.95476415,9.968089006,China
9292,111.8188986,26.70545125,9.953883007,China
9309,26.94082506,39.56861313,9.937873621,Türkiye
9312,127.1036642,47.25318798,10.81186442,China
9313,114.2387703,26.95801534,9.932186024,China
9317,112.5487978,34.31012128,10.99082573,China
9318,119.8629782,47.30612916,9.925219591,China
9323,115.3190358,34.45238317,10.97231024,China
9327,108.4285599,34.48512127,10.2605129,China
9330,110.396417,34.52857365,9.901608575,China
9353,27.04304727,40.02861311,9.87266969,Türkiye
9360,109.5446313,34.83750221,9.865401098,China
9361,112.2092832,27.74134864,9.863672084,China
9369,112.8589169,34.89404982,9.85874221,China
9370,117.6559405,34.90297839,10.56173066,China
9387,40.22026897,40.25416866,9.84046068,Türkiye
9413,102.1765913,28.38109221,9.806353309,China
9428,127.2124877,44.70937681,9.784578789,China
9436,111.1174884,40.72694642,10.09818307,China
9437,108.6519329,40.72805753,10.09810278,China
9444,121.0578583,51.00139045,9.761422981,China
9447,35.65026915,40.82305752,9.758535813,Türkiye
9461,115.1059406,35.90595454,11.82517008,China
9470,116.1977446,29.27596397,9.724133811,China
9473,31.12971378,41.08250196,9.720847829,Türkiye
9474,30.68860268,41.10472418,10.0415737,Türkiye
9476,114.6464168,36.07678787,9.7172556,China
9483,105.5938988,29.41057935,14.19397547,China
9495,104.6644117,29.52916909,10.81978031,China
9497,110.4638773,19.24583616,11.31469714,China
9504,33.89701525,36.32083548,9.687539782,Türkiye
9517,120.6982023,36.41726405,13.82507744,China
9526,120.3253085,29.92660497,13.37941013,China
9532,115.2827263,36.53869261,10.35086111,China
9533,109.6826273,19.91528058,10.46407025,China
9539,118.5791547,30.06570753,11.13411408,China
9540,115.3387702,30.06891265,10.0203872,China
9559,110.1694328,20.33194723,10.03545653,China
9566,108.9362064,30.2977588,10.73831899,China
9571,85.12134356,45.69271011,9.619131405,China
9574,31.09403918,36.91666879,10.30097395,Türkiye
9578,117.1934405,36.9761926,12.35186969,China
9579,132.9697791,45.76562677,9.906974018,China
9582,115.2642739,36.98214498,13.37936394,China
9585,111.4201807,30.54327161,12.55903382,China
9593,110.5263773,21.04791942,15.18360117,China
9594,117.2163343,30.70160494,11.80087879,China
9595,121.0477821,49.09975654,9.58763727,China
9613,120.8156931,30.8983998,10.30516711,China
9624,127.3999877,46.08021009,9.553131529,China
9628,105.0913348,31.08878441,9.550331041,China
9632,35.81368184,37.45059734,9.547666434,Türkiye
9635,38.30594365,37.47440686,9.544678031,Türkiye
9637,34.05892001,37.51309734,9.539818239,Türkiye
9638,127.2685988,42.33194635,9.536515211,China
9656,129.0002654,42.54416856,9.504743321,China
9663,27.59046789,37.87202589,9.494525001,Türkiye
9664,116.1553453,37.87262113,11.19015382,China
9669,118.1009496,31.72596387,11.31134575,China
9671,30.29522968,37.93988303,9.485919693,Türkiye
9678,120.7528726,31.82596387,19.31771734,China
9681,107.2297962,31.92147668,11.28811627,China
9684,116.313877,22.96944713,9.463554538,China
9685,116.4860993,22.98403046,9.462556377,China
9687,30.54582491,38.1238116,9.462526819,Türkiye
9691,121.6259495,32.05801514,13.81691818,China
9694,106.413183,23.14444712,10.23925411,China
9695,111.772905,23.1534749,9.844749969,China
9698,83.4051978,46.6916684,9.448073162,China
9708,130.1341543,42.99750188,9.436428581,China
9715,103.4041553,23.51111377,9.818827191,China
9716,99.07846106,23.5631971,13.74062856,China
9720,104.3374886,23.61736377,9.811086026,China
9727,117.159924,32.47916897,10.13455168,China
9729,112.0233858,32.52404076,9.405928012,China
9750,116.6327262,38.6976211,9.724200981,China
9756,115.2506826,24.10486375,10.16602238,China
9761,102.4215165,24.17500263,10.16071646,China
9770,109.3547961,32.83237408,10.81635573,China
9774,110.4105653,32.84198947,10.09414748,China
9781,115.1285596,38.84047824,10.37426076,China
9782,114.8214168,38.84345443,9.370051269,China
9794,107.7592834,32.98814331,9.717920413,China
9831,125.0735989,43.71639074,9.326858761,China
9833,113.264274,39.19107346,9.657928922,China
9835,103.7472109,24.95555816,9.322069928,China
9836,130.5369667,47.4312517,9.319521694,China
9837,42.85475299,39.23690679,9.318856596,Türkiye
9848,129.2885293,47.48854337,9.6003326,China
9857,106.89106,39.34226393,9.30507199,China
9859,114.6898692,39.35774012,9.303044442,China
9862,109.3965162,25.22291926,10.07744407,China
9864,112.5535597,39.37321631,9.30101615,China
9866,117.1740266,33.53557918,9.300591746,China
9872,115.6107025,39.42083536,9.294771185,China
9876,117.108642,33.61314328,10.00719891,China
9877,113.7201806,33.62083559,9.29158021,China
9886,129.1437376,47.63333503,9.28411698,China
9889,112.2779645,39.5232163,10.27593967,China
9895,113.9035139,33.74327148,9.278602226,China
9897,105.7291552,33.74583558,9.278330078,China
9903,117.1631291,33.78237404,9.274447615,China
9904,32.1434439,39.58154964,9.273645866,Türkiye
9906,115.7916548,25.60416924,11.97844449,China
9914,128.661446,47.72968919,9.267193857,China
9918,112.7249883,25.74166924,9.64891058,China
9921,103.8840164,25.75486368,9.26198593,China
9946,117.2868929,39.8279782,9.241109313,China
9952,111.2362979,39.86904962,9.565546721,China
9970,129.490821,44.4302796,9.216562952,China
10001,113.0438985,34.61634837,10.24455688,China
10005,124.6104045,48.20833501,9.182727212,China
10015,104.283322,26.87014141,9.557483799,China
10022,112.0483858,34.74583554,10.93444153,China
10026,115.8999882,40.3767877,9.168026643,China
10029,129.6785987,44.76805736,9.469311386,China
10033,109.0618474,34.82660477,9.161920259,China
10037,110.5784606,27.07083585,10.30420268,China
10056,110.519036,40.5613115,10.12267936,China
10058,116.6477445,34.99775861,10.54971831,China
10063,110.1402662,27.33194695,9.1381937,China
10076,29.38689639,40.68512102,9.126590854,Türkiye
10096,122.2392736,40.82976387,9.107059784,China
10102,107.1428457,40.88988292,9.098924718,China
10110,122.5255831,40.94821625,9.09102145,China
10117,121.9083213,48.76302248,9.084014216,China
10118,118.6851071,41.00119244,10.05685846,China
10123,122.2839165,41.06071624,9.075752187,China
10126,131.1030431,45.35694623,9.071206713,China
10129,125.8369322,45.39194623,9.065668714,China
10144,117.3246676,35.86250217,9.395230831,China
10193,106.9263774,28.96944689,10.12785455,China
