UrbanId,Longitude,Latitude,Area
1,-74.13054626,40.64309207,10954.94052
3,113.5752842,22.92179823,6539.913411
62,120.2793741,36.2197077,1201.426356
64,29.00917961,40.98972451,1151.872602
126,72.9589939,19.13127132,659.9412421
190,-34.92427338,-8.036080063,433.4710768
268,-40.3166088,-20.26716987,320.4624118
271,10.20313791,36.81075158,317.0138913
553,-48.59845658,-27.60884485,174.7179488
601,29.90171337,40.74890004,160.5425639
617,117.7074286,23.98754516,155.7571176
674,83.24690123,17.71318917,142.267903
874,-1.09584049,50.83441358,107.7575109
1555,39.65022931,-4.036781953,72.05594949
1560,2.649437138,39.56166868,59.63311274
1567,32.29026929,31.2271114,60.52164315
1629,-48.47455481,-25.70438726,57.52529253
1675,-45.40734106,-23.64183818,55.71669259
1708,-41.97059731,-22.56430709,55.36455871
1896,133.5051203,33.97820272,49.47106081
1908,56.2929593,27.19323168,48.79658437
2039,-5.404552438,36.16060821,46.45509825
2133,122.1965275,29.98721991,51.25627575
2178,-66.05464071,45.27987268,43.29758075
2179,127.7128975,34.93463335,42.93509858
2424,-3.833609197,43.4412653,39.35000896
2451,-75.0752235,38.44963656,38.3562587
2481,-6.236749375,36.56159305,38.28740193
2671,5.719876537,58.92273331,37.65656252
2805,144.8208203,-38.36849487,35.70423447
3060,-76.73125413,34.719131,31.40211627
3129,-86.43445496,30.38607962,30.70628288
3199,-61.5479214,16.25116036,29.57413134
3519,72.65905852,21.16250275,30.34556331
3525,81.71092703,7.705211625,27.11303829
3686,-68.30897883,-54.81265446,25.84466721
3760,124.64971,8.477781039,27.90806254
3860,21.02034452,56.52083467,24.74979582
3939,-104.3116697,19.08555839,26.29122914
4230,-122.6411348,47.58002306,23.52410523
4346,10.54796857,42.94726379,22.03606718
4586,27.51014795,40.97500196,22.06925209
4785,122.4107638,36.91106534,23.69332621
4977,126.8223092,36.99464498,21.26701168
5090,-2.378652938,47.27213713,18.69462827
5252,-41.93569393,-22.7646694,18.16521698
5253,121.4321546,32.13983565,27.60908822
5736,-39.04375564,-14.80416247,17.37001499
5739,-1.947030932,46.70178745,16.82611911
5822,172.7632105,-34.53532111,16.61926077
5843,16.28396651,43.52916853,16.21626832
5921,8.75449245,41.93216859,15.99333807
6029,-122.4635893,37.48713978,15.6779143
6083,-86.84663071,30.40377223,17.38491447
6132,127.3698951,0.780096161,15.38495025
6326,-78.14425011,33.91408955,15.31529031
6328,-68.92608469,-49.99027218,14.95546176
6358,19.20931743,-34.41884423,15.22567683
6382,-81.77785481,24.56074823,14.80588395
6552,70.36989739,20.91342869,14.39725041
6666,145.0450267,-38.23471709,15.52216302
6676,142.4827252,-38.37519328,14.14559272
6831,-8.852586211,40.1438512,13.79872624
6894,9.737194791,55.56458471,14.63452056
7005,113.9232726,22.30367918,13.47033365
7250,126.3800316,37.00109861,14.40578659
7288,119.9651196,37.40285298,15.01314737
7612,0.729884075,51.43351604,12.62639162
7688,15.92301848,41.63399316,12.21074441
7856,173.0918976,-35.20514205,11.92663642
7981,120.2030435,23.80028043,11.75716203
8277,127.5942585,34.91146054,11.26478815
8344,108.3541551,21.6291694,11.14479582
8448,49.391978,7.052246908,11.03051214
8486,117.3916548,23.78571693,12.54178377
8524,-66.11186353,10.49199036,10.93141349
8757,2.463013535,39.52239785,10.607348
8781,128.6213765,34.89416887,10.56292323
9137,-2.105099708,49.18750163,10.13386308
9175,119.1246675,25.07468208,10.08933148
9308,7.490096667,43.78073102,9.938110494
9372,-97.07019562,27.83429736,9.855420172
9922,-78.30609381,33.91250224,9.260594144
