UrbanId,Longitude,Latitude,Area,ADMIN,Distance_KM
8781,128.6213765,34.89416887,10.56292323,South Korea,0.01604129079853775
6676,142.4827252,-38.37519328,14.14559272,Australia,0.03034758888151197
5253,121.4321546,32.13983565,27.60908822,China,0.033614990449563675
8524,-66.11186353,10.49199036,10.93141349,Venezuela,0.043079633687020766
1567,32.29026929,31.2271114,60.52164315,Egypt,0.05315554133123141
6358,19.20931743,-34.41884423,15.22567683,South Africa,0.057929356600878334
9372,-97.07019562,27.83429736,9.855420172,United States of America,0.0642994178163476
7288,119.9651196,37.40285298,15.01314737,China,0.07107300068033408
6894,9.737194791,55.56458471,14.63452056,Denmark,0.09041528366526766
6552,70.36989739,20.91342869,14.39725041,India,0.11205848196147523
9137,-2.105099708,49.18750163,10.13386308,Jersey,0.11385375249015738
6132,127.3698951,0.780096161,15.38495025,Indonesia,0.11490652706171389
7856,173.0918976,-35.20514205,11.92663642,New Zealand,0.1192203804983721
190,-34.92427338,-8.036080063,433.4710768,Brazil,0.12801013841373998
5921,8.75449245,41.93216859,15.99333807,France,0.1311191385628799
674,83.24690123,17.71318917,142.267903,India,0.13642253802044538
3939,-104.3116697,19.08555839,26.29122914,Mexico,0.1383816812916101
1560,2.649437138,39.56166868,59.63311274,Spain,0.1526521415859063
6326,-78.14425011,33.91408955,15.31529031,United States of America,0.15853817654552313
5739,-1.947030932,46.70178745,16.82611911,France,0.15859967244817472
3129,-86.43445496,30.38607962,30.70628288,United States of America,0.18003731388826197
3199,-61.5479214,16.25116036,29.57413134,France,0.18136461879722937
1,-74.13054626,40.64309207,10954.94052,United States of America,0.2080900554991669
3060,-76.73125413,34.719131,31.40211627,United States of America,0.2122969424622931
7688,15.92301848,41.63399316,12.21074441,Italy,0.25411416969983763
4230,-122.6411348,47.58002306,23.52410523,United States of America,0.2592718052789244
5252,-41.93569393,-22.7646694,18.16521698,Brazil,0.2612703424552938
9922,-78.30609381,33.91250224,9.260594144,United States of America,0.27897072031555437
2133,122.1965275,29.98721991,51.25627575,China,0.3125537500683577
6666,145.0450267,-38.23471709,15.52216302,Australia,0.3292310020202302
6382,-81.77785481,24.56074823,14.80588395,United States of America,0.33792985230761885
4346,10.54796857,42.94726379,22.03606718,Italy,0.36503969506577455
2424,-3.833609197,43.4412653,39.35000896,Spain,0.39637797287425625
3686,-68.30897883,-54.81265446,25.84466721,Argentina,0.4138037896949356
6328,-68.92608469,-49.99027218,14.95546176,Argentina,0.4166301452884941
3860,21.02034452,56.52083467,24.74979582,Latvia,0.42076456942320084
9308,7.490096667,43.78073102,9.938110494,France,0.44937782848766783
1629,-48.47455481,-25.70438726,57.52529253,Brazil,0.45443047554239835
6831,-8.852586211,40.1438512,13.79872624,Portugal,0.45807948347885347
62,120.2793741,36.2197077,1201.426356,China,0.48752045061977917
8448,49.391978,7.052246908,11.03051214,Somalia,0.4991736192407734
6083,-86.84663071,30.40377223,17.38491447,United States of America,0.5125889401861529
553,-48.59845658,-27.60884485,174.7179488,Brazil,0.5132684382264251
4977,126.8223092,36.99464498,21.26701168,South Korea,0.533652308799916
6029,-122.4635893,37.48713978,15.6779143,United States of America,0.5649678027203581
7981,120.2030435,23.80028043,11.75716203,Taiwan,0.5762410233407073
8757,2.463013535,39.52239785,10.607348,Spain,0.6001968202498547
1908,56.2929593,27.19323168,48.79658437,Iran,0.6054554800294463
8486,117.3916548,23.78571693,12.54178377,China,0.6483689818354749
126,72.9589939,19.13127132,659.9412421,India,0.6560413444817416
3519,72.65905852,21.16250275,30.34556331,India,0.6638006241493986
5843,16.28396651,43.52916853,16.21626832,Croatia,0.6661822461703498
2179,127.7128975,34.93463335,42.93509858,South Korea,0.676230301708465
7250,126.3800316,37.00109861,14.40578659,South Korea,0.6921623764279459
4586,27.51014795,40.97500196,22.06925209,Turkey,0.6979537536071933
3525,81.71092703,7.705211625,27.11303829,Sri Lanka,0.6994322620557102
2481,-6.236749375,36.56159305,38.28740193,Spain,0.7462886742295892
3760,124.64971,8.477781039,27.90806254,Philippines,0.752162634357766
2451,-75.0752235,38.44963656,38.3562587,United States of America,0.7667691201892815
4785,122.4107638,36.91106534,23.69332621,China,0.7674735092587986
271,10.20313791,36.81075158,317.0138913,Tunisia,0.812097629515486
2178,-66.05464071,45.27987268,43.29758075,Canada,0.8343006745725245
5822,172.7632105,-34.53532111,16.61926077,New Zealand,0.843668748525354
5736,-39.04375564,-14.80416247,17.37001499,Brazil,0.8568843574561319
2805,144.8208203,-38.36849487,35.70423447,Australia,1.0432173376102114
7612,0.729884075,51.43351604,12.62639162,United Kingdom,1.18080612260933
2671,5.719876537,58.92273331,37.65656252,Norway,1.197385686904638
874,-1.09584049,50.83441358,107.7575109,United Kingdom,1.213644336959184
601,29.90171337,40.74890004,160.5425639,Turkey,1.2493180829601702
1708,-41.97059731,-22.56430709,55.36455871,Brazil,1.276953506166045
5090,-2.378652938,47.27213713,18.69462827,France,1.2986414380710627
1896,133.5051203,33.97820272,49.47106081,Japan,1.336392977523511
64,29.00917961,40.98972451,1151.872602,Turkey,1.3813960738812627
7005,113.9232726,22.30367918,13.47033365,Hong Kong S.A.R.,1.4088805066603387
1675,-45.40734106,-23.64183818,55.71669259,Brazil,1.640427233464882
2039,-5.404552438,36.16060821,46.45509825,Spain,1.7932701671459894
8277,127.5942585,34.91146054,11.26478815,South Korea,1.8125812599545166
268,-40.3166088,-20.26716987,320.4624118,Brazil,1.8770177206563
617,117.7074286,23.98754516,155.7571176,China,1.8883974589556687
3,113.5752842,22.92179823,6539.913411,China,1.9925553423671338
8344,108.3541551,21.6291694,11.14479582,China,2.561264073779755
1555,39.65022931,-4.036781953,72.05594949,Kenya,2.608786391186795
9175,119.1246675,25.07468208,10.08933148,China,4.889704485565252
