UrbanId,Country_in_China_Turkiye_city_mapping,Country_in_CityInfo_with_Country,Longitude,Latitude,Area,Longitude_Latitude_Area_Match
3,China,,113.5752842,22.92179823,6539.913411,True
62,China,,120.2793741,36.2197077,1201.426356,True
64,Türkiye,,29.00917961,40.98972451,1151.872602,True
601,Türkiye,,29.90171337,40.74890004,160.5425639,True
617,China,,117.7074286,23.98754516,155.7571176,True
2133,China,,122.1965275,29.98721991,51.25627575,True
4586,Türkiye,,27.51014795,40.97500196,22.06925209,True
4785,China,,122.4107638,36.91106534,23.69332621,True
5253,China,,121.4321546,32.13983565,27.60908822,True
7288,China,,119.9651196,37.40285298,15.01314737,True
8344,China,,108.3541551,21.6291694,11.14479582,True
8486,China,,117.3916548,23.78571693,12.54178377,True
9175,China,,119.1246675,25.07468208,10.08933148,True
