Indicator,Method,FilesSeen,ValidNumericCells,NACells,BlankCells,OtherInvalidCells,NonFiniteCells,Minimum,Maximum,InterpretationNote
AMod2,EA,680,6933280,0,0,0,0,-10.4452777777778,15.5424336918742,"Range is descriptive across monthly, seasonal and annual files; these time scales overlap and are not independent observations."
AMod2,IEA,680,6933280,0,0,0,0,-20.239555555555601,15.844616156436,"Range is descriptive across monthly, seasonal and annual files; these time scales overlap and are not independent observations."
AMod2,MEA,680,6933280,0,0,0,0,-14.1188888888889,19.340224009003698,"Range is descriptive across monthly, seasonal and annual files; these time scales overlap and are not independent observations."
AMod2,DEA,680,6933280,0,0,0,0,-20.239555555555601,18.519045686637401,"Range is descriptive across monthly, seasonal and annual files; these time scales overlap and are not independent observations."
Mod1,EA,714,7229789,50155,0,0,0,-28.5075,25.5425,"Range is descriptive across monthly, seasonal and annual files; these time scales overlap and are not independent observations."
Mod1,IEA,714,7228974,50970,0,0,0,-33.8536507936508,27.5066666666667,"Range is descriptive across monthly, seasonal and annual files; these time scales overlap and are not independent observations."
Mod1,MEA,714,7228877,51067,0,0,0,-32.420000000000002,25.091999999999999,"Range is descriptive across monthly, seasonal and annual files; these time scales overlap and are not independent observations."
Mod1,DEA,714,7228224,51720,0,0,0,-35.173749999999998,41.82,"Range is descriptive across monthly, seasonal and annual files; these time scales overlap and are not independent observations."
Mod2,EA,714,7231806,48138,0,0,0,-36.975000000000001,22.718181818181801,"Range is descriptive across monthly, seasonal and annual files; these time scales overlap and are not independent observations."
Mod2,IEA,714,7230973,48971,0,0,0,-37.084000000000003,23.544864864864898,"Range is descriptive across monthly, seasonal and annual files; these time scales overlap and are not independent observations."
Mod2,MEA,714,7230889,49055,0,0,0,-37.323999999999998,24.5195714285714,"Range is descriptive across monthly, seasonal and annual files; these time scales overlap and are not independent observations."
Mod2,DEA,714,7230232,49712,0,0,0,-37.323999999999998,25.975809523809499,"Range is descriptive across monthly, seasonal and annual files; these time scales overlap and are not independent observations."
Myd1,EA,646,6541628,44988,0,0,0,-28.588571428571498,19.645714285714298,"Range is descriptive across monthly, seasonal and annual files; these time scales overlap and are not independent observations."
Myd1,IEA,646,6540777,45839,0,0,0,-41.729999999999997,33.030833333333298,"Range is descriptive across monthly, seasonal and annual files; these time scales overlap and are not independent observations."
Myd1,MEA,646,6540717,45899,0,0,0,-41.729999999999997,42.304000000000002,"Range is descriptive across monthly, seasonal and annual files; these time scales overlap and are not independent observations."
Myd1,DEA,646,6540079,46537,0,0,0,-41.729999999999997,52.231111111111098,"Range is descriptive across monthly, seasonal and annual files; these time scales overlap and are not independent observations."
Myd2,EA,646,6541348,45268,0,0,0,-43.7392857142857,19.498999999999999,"Range is descriptive across monthly, seasonal and annual files; these time scales overlap and are not independent observations."
Myd2,IEA,646,6540526,46090,0,0,0,-45.794285714285699,33.030833333333298,"Range is descriptive across monthly, seasonal and annual files; these time scales overlap and are not independent observations."
Myd2,MEA,646,6540480,46136,0,0,0,-51.044285714285699,32.2619021739131,"Range is descriptive across monthly, seasonal and annual files; these time scales overlap and are not independent observations."
Myd2,DEA,646,6539822,46794,0,0,0,-46.857619047619004,33.030833333333298,"Range is descriptive across monthly, seasonal and annual files; these time scales overlap and are not independent observations."
SAT,EA,680,6933280,0,0,0,0,-6.4158178053830204,5.8097564773088601,"Range is descriptive across monthly, seasonal and annual files; these time scales overlap and are not independent observations."
SAT,IEA,680,6933280,0,0,0,0,-8.8743458932146098,6.4164939939939902,"Range is descriptive across monthly, seasonal and annual files; these time scales overlap and are not independent observations."
SAT,MEA,680,6933280,0,0,0,0,-9.3943631257867395,6.9669075824658,"Range is descriptive across monthly, seasonal and annual files; these time scales overlap and are not independent observations."
SAT,DEA,680,6933280,0,0,0,0,-10.579709273106401,7.6499642857142902,"Range is descriptive across monthly, seasonal and annual files; these time scales overlap and are not independent observations."
SMod2,EA,680,6933280,0,0,0,0,-10.414418787033799,16.3132752212098,"Range is descriptive across monthly, seasonal and annual files; these time scales overlap and are not independent observations."
SMod2,IEA,680,6933280,0,0,0,0,-24.408000000000001,16.544887288456799,"Range is descriptive across monthly, seasonal and annual files; these time scales overlap and are not independent observations."
SMod2,MEA,680,6933280,0,0,0,0,-16.927777777777798,19.215468598493299,"Range is descriptive across monthly, seasonal and annual files; these time scales overlap and are not independent observations."
SMod2,DEA,680,6933280,0,0,0,0,-24.408000000000001,18.516877076412001,"Range is descriptive across monthly, seasonal and annual files; these time scales overlap and are not independent observations."
SMyd1,EA,612,6219423,20529,0,0,0,-9.5471428571428607,18.787755446641,"Range is descriptive across monthly, seasonal and annual files; these time scales overlap and are not independent observations."
SMyd1,IEA,612,6219403,20549,0,0,0,-16.414444444444399,19.1436749983277,"Range is descriptive across monthly, seasonal and annual files; these time scales overlap and are not independent observations."
SMyd1,MEA,612,6219401,20551,0,0,0,-12.8926086956522,23.6527732953646,"Range is descriptive across monthly, seasonal and annual files; these time scales overlap and are not independent observations."
SMyd1,DEA,612,6219395,20557,0,0,0,-16.136315789473699,22.9041316936691,"Range is descriptive across monthly, seasonal and annual files; these time scales overlap and are not independent observations."
