Indicator,Year,Period,ExpectedFiles,ActualFiles,MissingCodes,DuplicateCodes,CoverageComplete
Mod1,2001,Day,17,17,,,True
Mod1,2001,Nig,17,17,,,True
Mod1,2002,Day,17,17,,,True
Mod1,2002,Nig,17,17,,,True
Mod1,2003,Day,17,17,,,True
Mod1,2003,Nig,17,17,,,True
Mod1,2004,Day,17,17,,,True
Mod1,2004,Nig,17,17,,,True
Mod1,2005,Day,17,17,,,True
Mod1,2005,Nig,17,17,,,True
Mod1,2006,Day,17,17,,,True
Mod1,2006,Nig,17,17,,,True
Mod1,2007,Day,17,17,,,True
Mod1,2007,Nig,17,17,,,True
Mod1,2008,Day,17,17,,,True
Mod1,2008,Nig,17,17,,,True
Mod1,2009,Day,17,17,,,True
Mod1,2009,Nig,17,17,,,True
Mod1,2010,Day,17,17,,,True
Mod1,2010,Nig,17,17,,,True
Mod1,2011,Day,17,17,,,True
Mod1,2011,Nig,17,17,,,True
Mod1,2012,Day,17,17,,,True
Mod1,2012,Nig,17,17,,,True
Mod1,2013,Day,17,17,,,True
Mod1,2013,Nig,17,17,,,True
Mod1,2014,Day,17,17,,,True
Mod1,2014,Nig,17,17,,,True
Mod1,2015,Day,17,17,,,True
Mod1,2015,Nig,17,17,,,True
Mod1,2016,Day,17,17,,,True
Mod1,2016,Nig,17,17,,,True
Mod1,2017,Day,17,17,,,True
Mod1,2017,Nig,17,17,,,True
Mod1,2018,Day,17,17,,,True
Mod1,2018,Nig,17,17,,,True
Mod1,2019,Day,17,17,,,True
Mod1,2019,Nig,17,17,,,True
Mod1,2020,Day,17,17,,,True
Mod1,2020,Nig,17,17,,,True
Mod1,2021,Day,17,17,,,True
Mod1,2021,Nig,17,17,,,True
Mod2,2001,Day,17,17,,,True
Mod2,2001,Nig,17,17,,,True
Mod2,2002,Day,17,17,,,True
Mod2,2002,Nig,17,17,,,True
Mod2,2003,Day,17,17,,,True
Mod2,2003,Nig,17,17,,,True
Mod2,2004,Day,17,17,,,True
Mod2,2004,Nig,17,17,,,True
Mod2,2005,Day,17,17,,,True
Mod2,2005,Nig,17,17,,,True
Mod2,2006,Day,17,17,,,True
Mod2,2006,Nig,17,17,,,True
Mod2,2007,Day,17,17,,,True
Mod2,2007,Nig,17,17,,,True
Mod2,2008,Day,17,17,,,True
Mod2,2008,Nig,17,17,,,True
Mod2,2009,Day,17,17,,,True
Mod2,2009,Nig,17,17,,,True
Mod2,2010,Day,17,17,,,True
Mod2,2010,Nig,17,17,,,True
Mod2,2011,Day,17,17,,,True
Mod2,2011,Nig,17,17,,,True
Mod2,2012,Day,17,17,,,True
Mod2,2012,Nig,17,17,,,True
Mod2,2013,Day,17,17,,,True
Mod2,2013,Nig,17,17,,,True
Mod2,2014,Day,17,17,,,True
Mod2,2014,Nig,17,17,,,True
Mod2,2015,Day,17,17,,,True
Mod2,2015,Nig,17,17,,,True
Mod2,2016,Day,17,17,,,True
Mod2,2016,Nig,17,17,,,True
Mod2,2017,Day,17,17,,,True
Mod2,2017,Nig,17,17,,,True
Mod2,2018,Day,17,17,,,True
Mod2,2018,Nig,17,17,,,True
Mod2,2019,Day,17,17,,,True
Mod2,2019,Nig,17,17,,,True
Mod2,2020,Day,17,17,,,True
Mod2,2020,Nig,17,17,,,True
Mod2,2021,Day,17,17,,,True
Mod2,2021,Nig,17,17,,,True
AMod2,2001,Day,17,17,,,True
AMod2,2001,Nig,17,17,,,True
AMod2,2002,Day,17,17,,,True
AMod2,2002,Nig,17,17,,,True
AMod2,2003,Day,17,17,,,True
AMod2,2003,Nig,17,17,,,True
AMod2,2004,Day,17,17,,,True
AMod2,2004,Nig,17,17,,,True
AMod2,2005,Day,17,17,,,True
AMod2,2005,Nig,17,17,,,True
AMod2,2006,Day,17,17,,,True
AMod2,2006,Nig,17,17,,,True
AMod2,2007,Day,17,17,,,True
AMod2,2007,Nig,17,17,,,True
AMod2,2008,Day,17,17,,,True
AMod2,2008,Nig,17,17,,,True
AMod2,2009,Day,17,17,,,True
AMod2,2009,Nig,17,17,,,True
AMod2,2010,Day,17,17,,,True
AMod2,2010,Nig,17,17,,,True
AMod2,2011,Day,17,17,,,True
AMod2,2011,Nig,17,17,,,True
AMod2,2012,Day,17,17,,,True
AMod2,2012,Nig,17,17,,,True
AMod2,2013,Day,17,17,,,True
AMod2,2013,Nig,17,17,,,True
AMod2,2014,Day,17,17,,,True
AMod2,2014,Nig,17,17,,,True
AMod2,2015,Day,17,17,,,True
AMod2,2015,Nig,17,17,,,True
AMod2,2016,Day,17,17,,,True
AMod2,2016,Nig,17,17,,,True
AMod2,2017,Day,17,17,,,True
AMod2,2017,Nig,17,17,,,True
AMod2,2018,Day,17,17,,,True
AMod2,2018,Nig,17,17,,,True
AMod2,2019,Day,17,17,,,True
AMod2,2019,Nig,17,17,,,True
AMod2,2020,Day,17,17,,,True
AMod2,2020,Nig,17,17,,,True
SAT,2001,Day,17,17,,,True
SAT,2001,Nig,17,17,,,True
SAT,2002,Day,17,17,,,True
SAT,2002,Nig,17,17,,,True
SAT,2003,Day,17,17,,,True
SAT,2003,Nig,17,17,,,True
SAT,2004,Day,17,17,,,True
SAT,2004,Nig,17,17,,,True
SAT,2005,Day,17,17,,,True
SAT,2005,Nig,17,17,,,True
SAT,2006,Day,17,17,,,True
SAT,2006,Nig,17,17,,,True
SAT,2007,Day,17,17,,,True
SAT,2007,Nig,17,17,,,True
SAT,2008,Day,17,17,,,True
SAT,2008,Nig,17,17,,,True
SAT,2009,Day,17,17,,,True
SAT,2009,Nig,17,17,,,True
SAT,2010,Day,17,17,,,True
SAT,2010,Nig,17,17,,,True
SAT,2011,Day,17,17,,,True
SAT,2011,Nig,17,17,,,True
SAT,2012,Day,17,17,,,True
SAT,2012,Nig,17,17,,,True
SAT,2013,Day,17,17,,,True
SAT,2013,Nig,17,17,,,True
SAT,2014,Day,17,17,,,True
SAT,2014,Nig,17,17,,,True
SAT,2015,Day,17,17,,,True
SAT,2015,Nig,17,17,,,True
SAT,2016,Day,17,17,,,True
SAT,2016,Nig,17,17,,,True
SAT,2017,Day,17,17,,,True
SAT,2017,Nig,17,17,,,True
SAT,2018,Day,17,17,,,True
SAT,2018,Nig,17,17,,,True
SAT,2019,Day,17,17,,,True
SAT,2019,Nig,17,17,,,True
SAT,2020,Day,17,17,,,True
SAT,2020,Nig,17,17,,,True
SMod2,2001,Day,17,17,,,True
SMod2,2001,Nig,17,17,,,True
SMod2,2002,Day,17,17,,,True
SMod2,2002,Nig,17,17,,,True
SMod2,2003,Day,17,17,,,True
SMod2,2003,Nig,17,17,,,True
SMod2,2004,Day,17,17,,,True
SMod2,2004,Nig,17,17,,,True
SMod2,2005,Day,17,17,,,True
SMod2,2005,Nig,17,17,,,True
SMod2,2006,Day,17,17,,,True
SMod2,2006,Nig,17,17,,,True
SMod2,2007,Day,17,17,,,True
SMod2,2007,Nig,17,17,,,True
SMod2,2008,Day,17,17,,,True
SMod2,2008,Nig,17,17,,,True
SMod2,2009,Day,17,17,,,True
SMod2,2009,Nig,17,17,,,True
SMod2,2010,Day,17,17,,,True
SMod2,2010,Nig,17,17,,,True
SMod2,2011,Day,17,17,,,True
SMod2,2011,Nig,17,17,,,True
SMod2,2012,Day,17,17,,,True
SMod2,2012,Nig,17,17,,,True
SMod2,2013,Day,17,17,,,True
SMod2,2013,Nig,17,17,,,True
SMod2,2014,Day,17,17,,,True
SMod2,2014,Nig,17,17,,,True
SMod2,2015,Day,17,17,,,True
SMod2,2015,Nig,17,17,,,True
SMod2,2016,Day,17,17,,,True
SMod2,2016,Nig,17,17,,,True
SMod2,2017,Day,17,17,,,True
SMod2,2017,Nig,17,17,,,True
SMod2,2018,Day,17,17,,,True
SMod2,2018,Nig,17,17,,,True
SMod2,2019,Day,17,17,,,True
SMod2,2019,Nig,17,17,,,True
SMod2,2020,Day,17,17,,,True
SMod2,2020,Nig,17,17,,,True
Myd1,2003,Day,17,17,,,True
Myd1,2003,Nig,17,17,,,True
Myd1,2004,Day,17,17,,,True
Myd1,2004,Nig,17,17,,,True
Myd1,2005,Day,17,17,,,True
Myd1,2005,Nig,17,17,,,True
Myd1,2006,Day,17,17,,,True
Myd1,2006,Nig,17,17,,,True
Myd1,2007,Day,17,17,,,True
Myd1,2007,Nig,17,17,,,True
Myd1,2008,Day,17,17,,,True
Myd1,2008,Nig,17,17,,,True
Myd1,2009,Day,17,17,,,True
Myd1,2009,Nig,17,17,,,True
Myd1,2010,Day,17,17,,,True
Myd1,2010,Nig,17,17,,,True
Myd1,2011,Day,17,17,,,True
Myd1,2011,Nig,17,17,,,True
Myd1,2012,Day,17,17,,,True
Myd1,2012,Nig,17,17,,,True
Myd1,2013,Day,17,17,,,True
Myd1,2013,Nig,17,17,,,True
Myd1,2014,Day,17,17,,,True
Myd1,2014,Nig,17,17,,,True
Myd1,2015,Day,17,17,,,True
Myd1,2015,Nig,17,17,,,True
Myd1,2016,Day,17,17,,,True
Myd1,2016,Nig,17,17,,,True
Myd1,2017,Day,17,17,,,True
Myd1,2017,Nig,17,17,,,True
Myd1,2018,Day,17,17,,,True
Myd1,2018,Nig,17,17,,,True
Myd1,2019,Day,17,17,,,True
Myd1,2019,Nig,17,17,,,True
Myd1,2020,Day,17,17,,,True
Myd1,2020,Nig,17,17,,,True
Myd1,2021,Day,17,17,,,True
Myd1,2021,Nig,17,17,,,True
Myd2,2003,Day,17,17,,,True
Myd2,2003,Nig,17,17,,,True
Myd2,2004,Day,17,17,,,True
Myd2,2004,Nig,17,17,,,True
Myd2,2005,Day,17,17,,,True
Myd2,2005,Nig,17,17,,,True
Myd2,2006,Day,17,17,,,True
Myd2,2006,Nig,17,17,,,True
Myd2,2007,Day,17,17,,,True
Myd2,2007,Nig,17,17,,,True
Myd2,2008,Day,17,17,,,True
Myd2,2008,Nig,17,17,,,True
Myd2,2009,Day,17,17,,,True
Myd2,2009,Nig,17,17,,,True
Myd2,2010,Day,17,17,,,True
Myd2,2010,Nig,17,17,,,True
Myd2,2011,Day,17,17,,,True
Myd2,2011,Nig,17,17,,,True
Myd2,2012,Day,17,17,,,True
Myd2,2012,Nig,17,17,,,True
Myd2,2013,Day,17,17,,,True
Myd2,2013,Nig,17,17,,,True
Myd2,2014,Day,17,17,,,True
Myd2,2014,Nig,17,17,,,True
Myd2,2015,Day,17,17,,,True
Myd2,2015,Nig,17,17,,,True
Myd2,2016,Day,17,17,,,True
Myd2,2016,Nig,17,17,,,True
Myd2,2017,Day,17,17,,,True
Myd2,2017,Nig,17,17,,,True
Myd2,2018,Day,17,17,,,True
Myd2,2018,Nig,17,17,,,True
Myd2,2019,Day,17,17,,,True
Myd2,2019,Nig,17,17,,,True
Myd2,2020,Day,17,17,,,True
Myd2,2020,Nig,17,17,,,True
Myd2,2021,Day,17,17,,,True
Myd2,2021,Nig,17,17,,,True
SMyd1,2003,Day,17,17,,,True
SMyd1,2003,Nig,17,17,,,True
SMyd1,2004,Day,17,17,,,True
SMyd1,2004,Nig,17,17,,,True
SMyd1,2005,Day,17,17,,,True
SMyd1,2005,Nig,17,17,,,True
SMyd1,2006,Day,17,17,,,True
SMyd1,2006,Nig,17,17,,,True
SMyd1,2007,Day,17,17,,,True
SMyd1,2007,Nig,17,17,,,True
SMyd1,2008,Day,17,17,,,True
SMyd1,2008,Nig,17,17,,,True
SMyd1,2009,Day,17,17,,,True
SMyd1,2009,Nig,17,17,,,True
SMyd1,2010,Day,17,17,,,True
SMyd1,2010,Nig,17,17,,,True
SMyd1,2011,Day,17,17,,,True
SMyd1,2011,Nig,17,17,,,True
SMyd1,2012,Day,17,17,,,True
SMyd1,2012,Nig,17,17,,,True
SMyd1,2013,Day,17,17,,,True
SMyd1,2013,Nig,17,17,,,True
SMyd1,2014,Day,17,17,,,True
SMyd1,2014,Nig,17,17,,,True
SMyd1,2015,Day,17,17,,,True
SMyd1,2015,Nig,17,17,,,True
SMyd1,2016,Day,17,17,,,True
SMyd1,2016,Nig,17,17,,,True
SMyd1,2017,Day,17,17,,,True
SMyd1,2017,Nig,17,17,,,True
SMyd1,2018,Day,17,17,,,True
SMyd1,2018,Nig,17,17,,,True
SMyd1,2019,Day,17,17,,,True
SMyd1,2019,Nig,17,17,,,True
SMyd1,2020,Day,17,17,,,True
SMyd1,2020,Nig,17,17,,,True
