"File","Country","UrbanId","Method","Value"
"Mod1_Day_2017_10.csv","China","5560","Intensity_DEA","41,82"
"Myd1_Day_2012_7.csv","India","6411","Intensity_MEA","42,304"
"Myd1_Day_2012_7.csv","India","6411","Intensity_DEA","52,2311111111111"
"Myd1_Day_2012_8.csv","India","4808","Intensity_DEA","41,4625"
"Myd1_Day_2015_8.csv","India","8135","Intensity_IEA","-41,73"
"Myd1_Day_2015_8.csv","India","8135","Intensity_MEA","-41,73"
"Myd1_Day_2015_8.csv","India","8135","Intensity_DEA","-41,73"
"Myd2_Day_2004_11.csv","Indonesia","2622","Intensity_IEA","-41,325"
"Myd2_Day_2004_11.csv","Indonesia","2622","Intensity_DEA","-41,325"
"Myd2_Day_2014_8.csv","Nepal","10011","Intensity_EA","-43,7392857142857"
"Myd2_Day_2014_8.csv","Nepal","10011","Intensity_IEA","-45,7942857142857"
"Myd2_Day_2014_8.csv","Nepal","10011","Intensity_MEA","-51,0442857142857"
"Myd2_Day_2014_8.csv","Nepal","10011","Intensity_DEA","-46,857619047619"
"Myd2_Day_2015_8.csv","India","8135","Intensity_IEA","-45,29"
"Myd2_Day_2015_8.csv","India","8135","Intensity_MEA","-45,29"
"Myd2_Day_2015_8.csv","India","8135","Intensity_DEA","-45,29"
