"Check","Status","Value","Notes"
"CityInfo rows","PASS","10196","Expected reference row count based on the existing project audit: 10196."
"CityInfo unique IDs","PASS","10196","Duplicate ID rows=0; blank IDs=0."
"Country mapping rows","PASS","10196","Expected row count based on the existing project audit: 10196."
"Country mapping unique IDs","PASS","10196","Duplicate ID rows=0; blank IDs=0."
"IDs only in CityInfo_with_Country","PASS","0","Mapping IDs absent from CityInfo.csv."
"IDs only in CityInfo","PASS","0","CityInfo.csv IDs absent from the country mapping."
"China country labels","PASS","1441","Expected main-sample count from the current project mapping audit: 1441."
"Türkiye country labels","PASS","180","Expected main-sample count from the current project mapping audit: 180."
"Blank country labels","INFO","83","Blank labels are not automatically errors; retain them as unmatched unless resolved with defensible geography."
"Other country labels","INFO","8492","All country labels other than China, Türkiye and blank."
"Coordinate/area metadata comparison","PASS","0","Compared 30588 metadata cells using 1e-6 tolerance."
